datahora,valor
20/08/2025 00:00,
20/08/2025 00:05,
20/08/2025 00:10,
20/08/2025 00:15,
20/08/2025 00:20,
20/08/2025 00:25,
20/08/2025 00:30,
20/08/2025 00:35,
20/08/2025 00:40,
20/08/2025 00:45,
20/08/2025 00:50,
20/08/2025 00:55,
20/08/2025 01:00,
20/08/2025 01:05,
20/08/2025 01:10,
20/08/2025 01:15,
20/08/2025 01:20,
20/08/2025 01:25,
20/08/2025 01:30,
20/08/2025 01:35,
20/08/2025 01:40,
20/08/2025 01:45,
20/08/2025 01:50,
20/08/2025 01:55,
20/08/2025 02:00,
20/08/2025 02:05,
20/08/2025 02:10,
20/08/2025 02:15,
20/08/2025 02:20,
20/08/2025 02:25,
20/08/2025 02:30,
20/08/2025 02:35,
20/08/2025 02:40,
20/08/2025 02:45,
20/08/2025 02:50,
20/08/2025 02:55,
20/08/2025 03:00,
20/08/2025 03:05,
20/08/2025 03:10,
20/08/2025 03:15,
20/08/2025 03:20,
20/08/2025 03:25,
20/08/2025 03:30,
20/08/2025 03:35,
20/08/2025 03:40,
20/08/2025 03:45,
20/08/2025 03:50,
20/08/2025 03:55,
20/08/2025 04:00,
20/08/2025 04:05,
20/08/2025 04:10,
20/08/2025 04:15,
20/08/2025 04:20,
20/08/2025 04:25,
20/08/2025 04:30,
20/08/2025 04:35,
20/08/2025 04:40,
20/08/2025 04:45,
20/08/2025 04:50,
20/08/2025 04:55,
20/08/2025 05:00,
20/08/2025 05:05,
20/08/2025 05:10,
20/08/2025 05:15,
20/08/2025 05:20,
20/08/2025 05:25,
20/08/2025 05:30,
20/08/2025 05:35,
20/08/2025 05:40,
20/08/2025 05:45,
20/08/2025 05:50,
20/08/2025 05:55,
20/08/2025 06:00,
20/08/2025 06:05,
20/08/2025 06:10,
20/08/2025 06:15,
20/08/2025 06:20,
20/08/2025 06:25,
20/08/2025 06:30,
20/08/2025 06:35,
20/08/2025 06:40,
20/08/2025 06:45,
20/08/2025 06:50,
20/08/2025 06:55,
20/08/2025 07:00,
20/08/2025 07:05,
20/08/2025 07:10,
20/08/2025 07:15,
20/08/2025 07:20,
20/08/2025 07:25,
20/08/2025 07:30,
20/08/2025 07:35,
20/08/2025 07:40,
20/08/2025 07:45,
20/08/2025 07:50,
20/08/2025 07:55,
20/08/2025 08:00,
20/08/2025 08:05,
20/08/2025 08:10,
20/08/2025 08:15,
20/08/2025 08:20,
20/08/2025 08:25,
20/08/2025 08:30,
20/08/2025 08:35,
20/08/2025 08:40,
20/08/2025 08:45,
20/08/2025 08:50,
20/08/2025 08:55,
20/08/2025 09:00,
20/08/2025 09:05,
20/08/2025 09:10,
20/08/2025 09:15,
20/08/2025 09:20,
20/08/2025 09:25,
20/08/2025 09:30,
20/08/2025 09:35,
20/08/2025 09:40,
20/08/2025 09:45,
20/08/2025 09:50,
20/08/2025 09:55,
20/08/2025 10:00,
20/08/2025 10:05,
20/08/2025 10:10,
20/08/2025 10:15,
20/08/2025 10:20,
20/08/2025 10:25,
20/08/2025 10:30,
20/08/2025 10:35,
20/08/2025 10:40,
20/08/2025 10:45,
20/08/2025 10:50,
20/08/2025 10:55,
20/08/2025 11:00,
20/08/2025 11:05,
20/08/2025 11:10,
20/08/2025 11:15,
20/08/2025 11:20,
20/08/2025 11:25,
20/08/2025 11:30,
20/08/2025 11:35,
20/08/2025 11:40,
20/08/2025 11:45,
20/08/2025 11:50,
20/08/2025 11:55,
20/08/2025 12:00,
20/08/2025 12:05,
20/08/2025 12:10,
20/08/2025 12:15,
20/08/2025 12:20,
20/08/2025 12:25,
20/08/2025 12:30,
20/08/2025 12:35,
20/08/2025 12:40,
20/08/2025 12:45,
20/08/2025 12:50,-15.833333333333334
20/08/2025 12:55,
20/08/2025 13:00,
20/08/2025 13:05,
20/08/2025 13:10,
20/08/2025 13:15,
20/08/2025 13:20,
20/08/2025 13:25,
20/08/2025 13:30,
20/08/2025 13:35,-15.5
20/08/2025 13:40,
20/08/2025 13:45,
20/08/2025 13:50,
20/08/2025 13:55,
20/08/2025 14:00,
20/08/2025 14:05,
20/08/2025 14:10,
20/08/2025 14:15,-15.0
20/08/2025 14:20,
20/08/2025 14:25,
20/08/2025 14:30,
20/08/2025 14:35,
20/08/2025 14:40,
20/08/2025 14:45,
20/08/2025 14:50,
20/08/2025 14:55,
20/08/2025 15:00,
20/08/2025 15:05,
20/08/2025 15:10,
20/08/2025 15:15,
20/08/2025 15:20,
20/08/2025 15:25,
20/08/2025 15:30,
20/08/2025 15:35,
20/08/2025 15:40,
20/08/2025 15:45,
20/08/2025 15:50,
20/08/2025 15:55,
20/08/2025 16:00,
20/08/2025 16:05,
20/08/2025 16:10,
20/08/2025 16:15,
20/08/2025 16:20,
20/08/2025 16:25,-14.15
20/08/2025 16:30,
20/08/2025 16:35,
20/08/2025 16:40,
20/08/2025 16:45,-15.4
20/08/2025 16:50,
20/08/2025 16:55,
20/08/2025 17:00,
20/08/2025 17:05,
20/08/2025 17:10,
20/08/2025 17:15,-16.8
20/08/2025 17:20,
20/08/2025 17:25,
20/08/2025 17:30,
20/08/2025 17:35,
20/08/2025 17:40,
20/08/2025 17:45,
20/08/2025 17:50,
20/08/2025 17:55,
20/08/2025 18:00,
20/08/2025 18:05,
20/08/2025 18:10,
20/08/2025 18:15,
20/08/2025 18:20,
20/08/2025 18:25,
20/08/2025 18:30,
20/08/2025 18:35,
20/08/2025 18:40,
20/08/2025 18:45,
20/08/2025 18:50,
20/08/2025 18:55,-15.7
20/08/2025 19:00,
20/08/2025 19:05,
20/08/2025 19:10,-3.0
20/08/2025 19:15,
20/08/2025 19:20,-1.6
20/08/2025 19:25,
20/08/2025 19:30,
20/08/2025 19:35,
20/08/2025 19:40,
20/08/2025 19:45,
20/08/2025 19:50,
20/08/2025 19:55,
20/08/2025 20:00,-4.7
20/08/2025 20:05,-7.766666666666667
20/08/2025 20:10,-10.14
20/08/2025 20:15,-12.071428571428571
20/08/2025 20:20,-13.419999999999998
20/08/2025 20:25,-14.4
20/08/2025 20:30,-15.12
20/08/2025 20:35,-15.816666666666668
20/08/2025 20:40,-15.55
20/08/2025 20:45,-15.98
20/08/2025 20:50,-15.883333333333335
20/08/2025 20:55,-16.080000000000002
20/08/2025 21:00,-16.1
20/08/2025 21:05,-16.05
20/08/2025 21:10,-16.0
20/08/2025 21:15,-15.98
20/08/2025 21:20,-15.833333333333334
20/08/2025 21:25,-15.957142857142857
20/08/2025 21:30,-16.0
20/08/2025 21:35,-16.0
20/08/2025 21:40,-16.025
20/08/2025 21:45,-15.775
20/08/2025 21:50,-15.919999999999998
20/08/2025 21:55,-15.766666666666666
20/08/2025 22:00,-16.1
20/08/2025 22:05,-15.5
20/08/2025 22:10,-15.799999999999999
20/08/2025 22:15,
20/08/2025 22:20,-15.7
20/08/2025 22:25,-16.033333333333335
20/08/2025 22:30,-16.0
20/08/2025 22:35,-15.6
20/08/2025 22:40,-15.95
20/08/2025 22:45,-15.6
20/08/2025 22:50,-15.799999999999999
20/08/2025 22:55,-15.975
20/08/2025 23:00,-16.1
20/08/2025 23:05,-14.475
20/08/2025 23:10,-11.25
20/08/2025 23:15,-8.700000000000001
20/08/2025 23:20,-5.5
20/08/2025 23:25,-3.9
20/08/2025 23:30,-2.15
20/08/2025 23:35,-0.1
20/08/2025 23:40,
20/08/2025 23:45,1.9
20/08/2025 23:50,3.0
20/08/2025 23:55,
21/08/2025 00:00,-4.2
21/08/2025 00:05,-7.033333333333334
21/08/2025 00:10,-10.766666666666666
21/08/2025 00:15,-12.78
21/08/2025 00:20,-14.314285714285715
21/08/2025 00:25,-15.275
21/08/2025 00:30,-16.2
21/08/2025 00:35,-17.025
21/08/2025 00:40,-17.075000000000003
21/08/2025 00:45,-16.45
21/08/2025 00:50,-17.1
21/08/2025 00:55,-17.15
21/08/2025 01:00,-16.4
21/08/2025 01:05,-16.799999999999997
21/08/2025 01:10,-16.8
21/08/2025 01:15,-16.475
21/08/2025 01:20,-16.5
21/08/2025 01:25,-15.9
21/08/2025 01:30,-16.7
21/08/2025 01:35,-15.916666666666666
21/08/2025 01:40,-16.3
21/08/2025 01:45,-16.1
21/08/2025 01:50,-16.325
21/08/2025 01:55,-16.15
21/08/2025 02:00,-15.86
21/08/2025 02:05,-16.099999999999998
21/08/2025 02:10,-15.875
21/08/2025 02:15,-16.25
21/08/2025 02:20,-15.833333333333334
21/08/2025 02:25,-16.366666666666664
21/08/2025 02:30,-15.9
21/08/2025 02:35,-16.240000000000002
21/08/2025 02:40,-15.7
21/08/2025 02:45,-16.35
21/08/2025 02:50,-15.8
21/08/2025 02:55,-15.4
21/08/2025 03:00,-15.7
21/08/2025 03:05,-14.733333333333334
21/08/2025 03:10,
21/08/2025 03:15,-9.65
21/08/2025 03:20,-6.533333333333334
21/08/2025 03:25,-4.75
21/08/2025 03:30,-1.6
21/08/2025 03:35,-0.3
21/08/2025 03:40,
21/08/2025 03:45,1.9
21/08/2025 03:50,
21/08/2025 03:55,1.5
21/08/2025 04:00,-2.9
21/08/2025 04:05,-6.85
21/08/2025 04:10,-9.6
21/08/2025 04:15,-12.2
21/08/2025 04:20,-13.15
21/08/2025 04:25,-13.65
21/08/2025 04:30,-14.100000000000001
21/08/2025 04:35,-14.125
21/08/2025 04:40,-14.275
21/08/2025 04:45,-14.459999999999999
21/08/2025 04:50,-14.225
21/08/2025 04:55,-14.35
21/08/2025 05:00,-14.414285714285715
21/08/2025 05:05,-14.166666666666666
21/08/2025 05:10,-14.4
21/08/2025 05:15,
21/08/2025 05:20,-14.200000000000001
21/08/2025 05:25,-14.533333333333333
21/08/2025 05:30,-14.5
21/08/2025 05:35,-14.325
21/08/2025 05:40,-14.15
21/08/2025 05:45,-14.183333333333332
21/08/2025 05:50,-14.2
21/08/2025 05:55,-14.350000000000001
21/08/2025 06:00,-14.25
21/08/2025 06:05,-14.0
21/08/2025 06:10,-14.4
21/08/2025 06:15,-14.3
21/08/2025 06:20,-14.075
21/08/2025 06:25,-14.5
21/08/2025 06:30,
21/08/2025 06:35,-14.0
21/08/2025 06:40,-14.2
21/08/2025 06:45,-14.180000000000001
21/08/2025 06:50,
21/08/2025 06:55,-13.966666666666667
21/08/2025 07:00,
21/08/2025 07:05,-14.0
21/08/2025 07:10,
21/08/2025 07:15,-9.35
21/08/2025 07:20,-7.8
21/08/2025 07:25,
21/08/2025 07:30,
21/08/2025 07:35,
21/08/2025 07:40,
21/08/2025 07:45,
21/08/2025 07:50,
21/08/2025 07:55,
21/08/2025 08:00,
21/08/2025 08:05,
21/08/2025 08:10,
21/08/2025 08:15,
21/08/2025 08:20,
21/08/2025 08:25,-11.7
21/08/2025 08:30,
21/08/2025 08:35,-14.8
21/08/2025 08:40,
21/08/2025 08:45,
21/08/2025 08:50,-15.4
21/08/2025 08:55,
21/08/2025 09:00,-15.525
21/08/2025 09:05,-15.1
21/08/2025 09:10,-15.5
21/08/2025 09:15,-15.366666666666667
21/08/2025 09:20,-15.175
21/08/2025 09:25,-15.5
21/08/2025 09:30,
21/08/2025 09:35,-15.24
21/08/2025 09:40,-15.4
21/08/2025 09:45,-15.9
21/08/2025 09:50,-14.016666666666666
21/08/2025 09:55,-12.1
21/08/2025 10:00,
21/08/2025 10:05,-9.799999999999999
21/08/2025 10:10,-9.683333333333334
21/08/2025 10:15,-9.875
21/08/2025 10:20,-11.48
21/08/2025 10:25,-13.8
21/08/2025 10:30,-14.66
21/08/2025 10:35,-14.55
21/08/2025 10:40,-14.6
21/08/2025 10:45,-15.4
21/08/2025 10:50,-15.6
21/08/2025 10:55,-15.533333333333333
21/08/2025 11:00,-14.7
21/08/2025 11:05,-14.1
21/08/2025 11:10,-12.75
21/08/2025 11:15,-9.7
21/08/2025 11:20,-8.4
21/08/2025 11:25,-5.1499999999999995
21/08/2025 11:30,-3.65
21/08/2025 11:35,
21/08/2025 11:40,0.0
21/08/2025 11:45,
21/08/2025 11:50,
21/08/2025 11:55,
21/08/2025 12:00,
21/08/2025 12:05,
21/08/2025 12:10,-3.5999999999999996
21/08/2025 12:15,
21/08/2025 12:20,
21/08/2025 12:25,-10.2
21/08/2025 12:30,-11.033333333333333
21/08/2025 12:35,-12.1125
21/08/2025 12:40,-12.833333333333334
21/08/2025 12:45,-13.4
21/08/2025 12:50,-13.8
21/08/2025 12:55,-14.1
21/08/2025 13:00,-14.5
21/08/2025 13:05,-14.64
21/08/2025 13:10,-14.833333333333334
21/08/2025 13:15,
21/08/2025 13:20,-15.2
21/08/2025 13:25,-15.5
21/08/2025 13:30,-15.700000000000001
21/08/2025 13:35,-15.8
21/08/2025 13:40,-16.1
21/08/2025 13:45,
21/08/2025 13:50,
21/08/2025 13:55,-16.3
21/08/2025 14:00,-16.35
21/08/2025 14:05,-16.299999999999997
21/08/2025 14:10,-15.9
21/08/2025 14:15,-15.9
21/08/2025 14:20,-15.333333333333334
21/08/2025 14:25,-15.8
21/08/2025 14:30,
21/08/2025 14:35,
21/08/2025 14:40,-16.8
21/08/2025 14:45,
21/08/2025 14:50,
21/08/2025 14:55,-17.7
21/08/2025 15:00,-17.9
21/08/2025 15:05,
21/08/2025 15:10,-16.8
21/08/2025 15:15,-13.3
21/08/2025 15:20,
21/08/2025 15:25,-3.1
21/08/2025 15:30,
21/08/2025 15:35,
21/08/2025 15:40,
21/08/2025 15:45,
21/08/2025 15:50,
21/08/2025 15:55,
21/08/2025 16:00,
21/08/2025 16:05,
21/08/2025 16:10,
21/08/2025 16:15,-7.2
21/08/2025 16:20,-9.3
21/08/2025 16:25,-11.5
21/08/2025 16:30,
21/08/2025 16:35,-13.3
21/08/2025 16:40,
21/08/2025 16:45,-14.6
21/08/2025 16:50,-14.8
21/08/2025 16:55,-15.350000000000001
21/08/2025 17:00,-15.5
21/08/2025 17:05,
21/08/2025 17:10,-15.7
21/08/2025 17:15,-15.4
21/08/2025 17:20,-14.5
21/08/2025 17:25,-15.1
21/08/2025 17:30,-15.8
21/08/2025 17:35,-15.933333333333332
21/08/2025 17:40,-16.233333333333334
21/08/2025 17:45,-16.55
21/08/2025 17:50,
21/08/2025 17:55,
21/08/2025 18:00,-17.2
21/08/2025 18:05,
21/08/2025 18:10,
21/08/2025 18:15,
21/08/2025 18:20,
21/08/2025 18:25,
21/08/2025 18:30,
21/08/2025 18:35,-20.0
21/08/2025 18:40,-20.3
21/08/2025 18:45,-20.7
21/08/2025 18:50,-21.0
21/08/2025 18:55,-21.366666666666664
21/08/2025 19:00,-20.833333333333332
21/08/2025 19:05,
21/08/2025 19:10,
21/08/2025 19:15,-17.6
21/08/2025 19:20,-12.1
21/08/2025 19:25,-10.6
21/08/2025 19:30,
21/08/2025 19:35,
21/08/2025 19:40,
21/08/2025 19:45,
21/08/2025 19:50,
21/08/2025 19:55,
21/08/2025 20:00,2.05
21/08/2025 20:05,-0.7
21/08/2025 20:10,-2.7333333333333334
21/08/2025 20:15,-6.988888888888889
21/08/2025 20:20,-9.61111111111111
21/08/2025 20:25,-11.65
21/08/2025 20:30,-13.275
21/08/2025 20:35,-14.666666666666666
21/08/2025 20:40,-15.444444444444445
21/08/2025 20:45,-16.185714285714287
21/08/2025 20:50,-16.683333333333334
21/08/2025 20:55,-17.099999999999998
21/08/2025 21:00,-17.557142857142857
21/08/2025 21:05,-17.8
21/08/2025 21:10,-18.1125
21/08/2025 21:15,-18.4
21/08/2025 21:20,-18.575
21/08/2025 21:25,-18.814285714285713
21/08/2025 21:30,-19.014285714285712
21/08/2025 21:35,-18.642857142857142
21/08/2025 21:40,-17.15
21/08/2025 21:45,-16.666666666666668
21/08/2025 21:50,-17.257142857142856
21/08/2025 21:55,-17.9
21/08/2025 22:00,-18.299999999999997
21/08/2025 22:05,-17.614285714285714
21/08/2025 22:10,-16.4
21/08/2025 22:15,-16.833333333333332
21/08/2025 22:20,-17.46
21/08/2025 22:25,-18.0
21/08/2025 22:30,-17.142857142857142
21/08/2025 22:35,-16.3
21/08/2025 22:40,-17.599999999999998
21/08/2025 22:45,-17.3375
21/08/2025 22:50,-15.985714285714286
21/08/2025 22:55,-16.6125
21/08/2025 23:00,-17.45714285714286
21/08/2025 23:05,-16.436363636363634
21/08/2025 23:10,-15.583333333333334
21/08/2025 23:15,-15.591666666666667
21/08/2025 23:20,-13.0125
21/08/2025 23:25,-10.549999999999999
21/08/2025 23:30,-8.05
21/08/2025 23:35,-5.3999999999999995
21/08/2025 23:40,-3.25
21/08/2025 23:45,-2.2
21/08/2025 23:50,-0.55
21/08/2025 23:55,-0.05
22/08/2025 00:00,0.3
22/08/2025 00:05,
22/08/2025 00:10,-2.25
22/08/2025 00:15,-6.057142857142857
22/08/2025 00:20,-9.616666666666667
22/08/2025 00:25,-10.883333333333333
22/08/2025 00:30,-13.48
22/08/2025 00:35,-15.3875
22/08/2025 00:40,-16.18
22/08/2025 00:45,-16.919999999999998
22/08/2025 00:50,-17.385714285714286
22/08/2025 00:55,-16.375
22/08/2025 01:00,-16.844444444444445
22/08/2025 01:05,-17.2
22/08/2025 01:10,-17.133333333333333
22/08/2025 01:15,-16.15
22/08/2025 01:20,-16.48
22/08/2025 01:25,-17.1875
22/08/2025 01:30,-16.655555555555555
22/08/2025 01:35,-15.916666666666666
22/08/2025 01:40,-16.6
22/08/2025 01:45,-17.080000000000002
22/08/2025 01:50,-16.285714285714285
22/08/2025 01:55,-15.45
22/08/2025 02:00,-16.5875
22/08/2025 02:05,-16.475
22/08/2025 02:10,-15.4
22/08/2025 02:15,-15.875
22/08/2025 02:20,-16.766666666666666
22/08/2025 02:25,-15.95
22/08/2025 02:30,-15.457142857142857
22/08/2025 02:35,-16.5
22/08/2025 02:40,-15.799999999999999
22/08/2025 02:45,-15.85
22/08/2025 02:50,-16.428571428571427
22/08/2025 02:55,-16.0
22/08/2025 03:00,-14.98
22/08/2025 03:05,-15.557142857142859
22/08/2025 03:10,-16.075
22/08/2025 03:15,-16.51111111111111
22/08/2025 03:20,-15.719999999999999
22/08/2025 03:25,-13.157142857142857
22/08/2025 03:30,-9.8
22/08/2025 03:35,-7.55
22/08/2025 03:40,-4.95
22/08/2025 03:45,-2.925
22/08/2025 03:50,-1.0
22/08/2025 03:55,-0.4
22/08/2025 04:00,
22/08/2025 04:05,
22/08/2025 04:10,1.3
22/08/2025 04:15,-4.233333333333333
22/08/2025 04:20,-7.683333333333334
22/08/2025 04:25,-10.440000000000001
22/08/2025 04:30,-12.8375
22/08/2025 04:35,-14.88
22/08/2025 04:40,-15.8875
22/08/2025 04:45,-16.82857142857143
22/08/2025 04:50,-17.825
22/08/2025 04:55,-18.333333333333332
22/08/2025 05:00,-18.8
22/08/2025 05:05,-17.54285714285714
22/08/2025 05:10,-16.54285714285714
22/08/2025 05:15,-17.133333333333333
22/08/2025 05:20,-17.928571428571427
22/08/2025 05:25,-18.16
22/08/2025 05:30,-16.714285714285715
22/08/2025 05:35,-15.950000000000001
22/08/2025 05:40,-16.6375
22/08/2025 05:45,-17.75
22/08/2025 05:50,-17.3
22/08/2025 05:55,-15.890909090909092
22/08/2025 06:00,-16.2
22/08/2025 06:05,-17.357142857142858
22/08/2025 06:10,-18.066666666666666
22/08/2025 06:15,-17.666666666666668
22/08/2025 06:20,-15.971428571428572
22/08/2025 06:25,-16.02
22/08/2025 06:30,-17.444444444444443
22/08/2025 06:35,-17.466666666666665
22/08/2025 06:40,-16.3
22/08/2025 06:45,-15.666666666666666
22/08/2025 06:50,-17.114285714285714
22/08/2025 06:55,-17.883333333333333
22/08/2025 07:00,-16.916666666666668
22/08/2025 07:05,-15.45
22/08/2025 07:10,-15.275
22/08/2025 07:15,-15.928571428571429
22/08/2025 07:20,-15.899999999999999
22/08/2025 07:25,
22/08/2025 07:30,-10.6
22/08/2025 07:35,
22/08/2025 07:40,-4.7
22/08/2025 07:45,
22/08/2025 07:50,
22/08/2025 07:55,
22/08/2025 08:00,
22/08/2025 08:05,
22/08/2025 08:10,
22/08/2025 08:15,
22/08/2025 08:20,
22/08/2025 08:25,
22/08/2025 08:30,
22/08/2025 08:35,
22/08/2025 08:40,
22/08/2025 08:45,
22/08/2025 08:50,-16.7
22/08/2025 08:55,
22/08/2025 09:00,
22/08/2025 09:05,
22/08/2025 09:10,-17.9
22/08/2025 09:15,
22/08/2025 09:20,
22/08/2025 09:25,
22/08/2025 09:30,
22/08/2025 09:35,
22/08/2025 09:40,
22/08/2025 09:45,
22/08/2025 09:50,
22/08/2025 09:55,-17.3
22/08/2025 10:00,
22/08/2025 10:05,
22/08/2025 10:10,
22/08/2025 10:15,
22/08/2025 10:20,
22/08/2025 10:25,
22/08/2025 10:30,
22/08/2025 10:35,
22/08/2025 10:40,
22/08/2025 10:45,-19.3
22/08/2025 10:50,-18.433333333333334
22/08/2025 10:55,
22/08/2025 11:00,
22/08/2025 11:05,
22/08/2025 11:10,
22/08/2025 11:15,-15.8
22/08/2025 11:20,
22/08/2025 11:25,
22/08/2025 11:30,-10.5
22/08/2025 11:35,
22/08/2025 11:40,
22/08/2025 11:45,
22/08/2025 11:50,
22/08/2025 11:55,0.0
22/08/2025 12:00,
22/08/2025 12:05,
22/08/2025 12:10,
22/08/2025 12:15,
22/08/2025 12:20,
22/08/2025 12:25,
22/08/2025 12:30,-7.65
22/08/2025 12:35,-10.066666666666666
22/08/2025 12:40,-12.033333333333333
22/08/2025 12:45,-13.033333333333333
22/08/2025 12:50,-13.9
22/08/2025 12:55,-14.700000000000001
22/08/2025 13:00,
22/08/2025 13:05,-15.566666666666668
22/08/2025 13:10,-15.9
22/08/2025 13:15,-16.2
22/08/2025 13:20,-16.15
22/08/2025 13:25,-16.25
22/08/2025 13:30,-16.7
22/08/2025 13:35,-17.0
22/08/2025 13:40,-17.2
22/08/2025 13:45,
22/08/2025 13:50,-16.7
22/08/2025 13:55,
22/08/2025 14:00,-16.9
22/08/2025 14:05,-16.2
22/08/2025 14:10,-16.5
22/08/2025 14:15,-15.6
22/08/2025 14:20,-16.0
22/08/2025 14:25,
22/08/2025 14:30,-15.2
22/08/2025 14:35,
22/08/2025 14:40,-15.2
22/08/2025 14:45,-15.7
22/08/2025 14:50,-15.45
22/08/2025 14:55,
22/08/2025 15:00,-15.2
22/08/2025 15:05,
22/08/2025 15:10,-15.2
22/08/2025 15:15,
22/08/2025 15:20,
22/08/2025 15:25,
22/08/2025 15:30,-11.2
22/08/2025 15:35,
22/08/2025 15:40,
22/08/2025 15:45,
22/08/2025 15:50,
22/08/2025 15:55,
22/08/2025 16:00,
22/08/2025 16:05,
22/08/2025 16:10,
22/08/2025 16:15,
22/08/2025 16:20,
22/08/2025 16:25,-4.9
22/08/2025 16:30,-7.5
22/08/2025 16:35,-8.7
22/08/2025 16:40,-11.5
22/08/2025 16:45,-12.4
22/08/2025 16:50,-13.299999999999999
22/08/2025 16:55,-14.0
22/08/2025 17:00,
22/08/2025 17:05,-15.299999999999999
22/08/2025 17:10,-15.133333333333333
22/08/2025 17:15,-14.9
22/08/2025 17:20,
22/08/2025 17:25,-14.95
22/08/2025 17:30,
22/08/2025 17:35,
22/08/2025 17:40,
22/08/2025 17:45,
22/08/2025 17:50,
22/08/2025 17:55,
22/08/2025 18:00,
22/08/2025 18:05,-15.25
22/08/2025 18:10,-14.700000000000001
22/08/2025 18:15,
22/08/2025 18:20,-13.8
22/08/2025 18:25,-14.566666666666668
22/08/2025 18:30,-14.8
22/08/2025 18:35,
22/08/2025 18:40,
22/08/2025 18:45,-15.625
22/08/2025 18:50,-15.1
22/08/2025 18:55,-15.3
22/08/2025 19:00,-14.983333333333334
22/08/2025 19:05,-14.975
22/08/2025 19:10,-14.266666666666666
22/08/2025 19:15,-14.280000000000001
22/08/2025 19:20,-14.450000000000001
22/08/2025 19:25,-14.5375
22/08/2025 19:30,-12.955555555555556
22/08/2025 19:35,-10.32
22/08/2025 19:40,-7.666666666666667
22/08/2025 19:45,-5.88
22/08/2025 19:50,-2.6
22/08/2025 19:55,-1.5
22/08/2025 20:00,0.025
22/08/2025 20:05,0.6
22/08/2025 20:10,2.52
22/08/2025 20:15,3.2600000000000002
22/08/2025 20:20,1.24
22/08/2025 20:25,-4.333333333333333
22/08/2025 20:30,-7.08
22/08/2025 20:35,-9.711111111111112
22/08/2025 20:40,-11.830769230769231
22/08/2025 20:45,-12.894736842105264
22/08/2025 20:50,-12.853333333333333
22/08/2025 20:55,-13.14
22/08/2025 21:00,-13.271428571428572
22/08/2025 21:05,-13.411111111111111
22/08/2025 21:10,-12.9375
22/08/2025 21:15,-13.0
22/08/2025 21:20,-13.11
22/08/2025 21:25,-12.99
22/08/2025 21:30,-13.214285714285714
22/08/2025 21:35,-12.79
22/08/2025 21:40,-13.242857142857144
22/08/2025 21:45,-12.76
22/08/2025 21:50,-13.257142857142856
22/08/2025 21:55,-12.777777777777779
22/08/2025 22:00,-13.049999999999999
22/08/2025 22:05,-13.011111111111111
22/08/2025 22:10,-12.919999999999998
22/08/2025 22:15,-13.1
22/08/2025 22:20,-12.7
22/08/2025 22:25,-13.16
22/08/2025 22:30,-12.64
22/08/2025 22:35,-13.166666666666666
22/08/2025 22:40,-12.8375
22/08/2025 22:45,-12.971428571428572
22/08/2025 22:50,-12.742857142857144
22/08/2025 22:55,-13.0625
22/08/2025 23:00,-12.799999999999999
22/08/2025 23:05,-12.88
22/08/2025 23:10,-12.772727272727273
22/08/2025 23:15,-12.985714285714286
22/08/2025 23:20,-12.825
22/08/2025 23:25,-12.708333333333334
22/08/2025 23:30,-12.516666666666666
22/08/2025 23:35,-10.681818181818182
22/08/2025 23:40,-8.571428571428571
22/08/2025 23:45,-6.44
22/08/2025 23:50,-4.283333333333333
22/08/2025 23:55,-2.0875
23/08/2025 00:00,-0.3833333333333333
23/08/2025 00:05,0.7999999999999999
23/08/2025 00:10,2.466666666666667
23/08/2025 00:15,3.733333333333333
23/08/2025 00:20,2.775
23/08/2025 00:25,-1.6
23/08/2025 00:30,-5.4875
23/08/2025 00:35,-8.88888888888889
23/08/2025 00:40,-10.93
23/08/2025 00:45,-11.442857142857141
23/08/2025 00:50,-12.545454545454545
23/08/2025 00:55,-13.025
23/08/2025 01:00,-13.0625
23/08/2025 01:05,-12.422222222222222
23/08/2025 01:10,-13.114285714285714
23/08/2025 01:15,-13.171428571428573
23/08/2025 01:20,-12.9875
23/08/2025 01:25,-13.257142857142856
23/08/2025 01:30,-12.744444444444445
23/08/2025 01:35,-13.0875
23/08/2025 01:40,-12.755555555555555
23/08/2025 01:45,-12.983333333333333
23/08/2025 01:50,-12.7125
23/08/2025 01:55,-12.825
23/08/2025 02:00,-12.67
23/08/2025 02:05,-13.081818181818182
23/08/2025 02:10,-12.61111111111111
23/08/2025 02:15,-13.092857142857142
23/08/2025 02:20,-12.61111111111111
23/08/2025 02:25,-13.01
23/08/2025 02:30,-12.566666666666666
23/08/2025 02:35,-12.95
23/08/2025 02:40,-12.5
23/08/2025 02:45,-13.1
23/08/2025 02:50,-12.58
23/08/2025 02:55,-12.9
23/08/2025 03:00,-12.577777777777778
23/08/2025 03:05,-12.959999999999999
23/08/2025 03:10,-12.49
23/08/2025 03:15,-12.86
23/08/2025 03:20,-13.24
23/08/2025 03:25,-12.549999999999999
23/08/2025 03:30,-12.85
23/08/2025 03:35,-11.685714285714285
23/08/2025 03:40,-10.014285714285714
23/08/2025 03:45,-7.214285714285714
23/08/2025 03:50,-5.257142857142857
23/08/2025 03:55,-2.975
23/08/2025 04:00,-1.3599999999999999
23/08/2025 04:05,0.25
23/08/2025 04:10,1.8666666666666665
23/08/2025 04:15,3.466666666666667
23/08/2025 04:20,4.0200000000000005
23/08/2025 04:25,1.25
23/08/2025 04:30,-3.0444444444444443
23/08/2025 04:35,-6.614285714285714
23/08/2025 04:40,-9.8
23/08/2025 04:45,-11.77
23/08/2025 04:50,-12.112499999999999
23/08/2025 04:55,-12.778571428571428
23/08/2025 05:00,-12.722222222222221
23/08/2025 05:05,-13.077777777777778
23/08/2025 05:10,-12.7375
23/08/2025 05:15,-12.65
23/08/2025 05:20,-12.68888888888889
23/08/2025 05:25,-13.011111111111111
23/08/2025 05:30,-12.725
23/08/2025 05:35,-12.819999999999999
23/08/2025 05:40,-12.833333333333334
23/08/2025 05:45,-12.58
23/08/2025 05:50,-12.85
23/08/2025 05:55,-12.533333333333333
23/08/2025 06:00,-12.84
23/08/2025 06:05,-12.46923076923077
23/08/2025 06:10,-12.935714285714285
23/08/2025 06:15,-12.600000000000001
23/08/2025 06:20,-12.936363636363637
23/08/2025 06:25,-12.62857142857143
23/08/2025 06:30,-12.914285714285715
23/08/2025 06:35,-12.690000000000001
23/08/2025 06:40,-12.6875
23/08/2025 06:45,-13.0625
23/08/2025 06:50,-12.514285714285714
23/08/2025 06:55,-12.95
23/08/2025 07:00,-12.700000000000001
23/08/2025 07:05,-13.016666666666666
23/08/2025 07:10,-12.5625
23/08/2025 07:15,-13.033333333333333
23/08/2025 07:20,-12.471428571428572
23/08/2025 07:25,-12.9
23/08/2025 07:30,-12.866666666666667
23/08/2025 07:35,-11.728571428571428
23/08/2025 07:40,-9.459999999999999
23/08/2025 07:45,-7.5
23/08/2025 07:50,-4.65
23/08/2025 07:55,-2.75
23/08/2025 08:00,-1.4
23/08/2025 08:05,0.8
23/08/2025 08:10,
23/08/2025 08:15,3.8
23/08/2025 08:20,
23/08/2025 08:25,
23/08/2025 08:30,
23/08/2025 08:35,-3.3
23/08/2025 08:40,-7.5
23/08/2025 08:45,-9.2
23/08/2025 08:50,-11.4
23/08/2025 08:55,-12.666666666666666
23/08/2025 09:00,
23/08/2025 09:05,-13.4
23/08/2025 09:10,-13.55
23/08/2025 09:15,
23/08/2025 09:20,
23/08/2025 09:25,-13.566666666666668
23/08/2025 09:30,
23/08/2025 09:35,
23/08/2025 09:40,
23/08/2025 09:45,-13.4
23/08/2025 09:50,-13.799999999999999
23/08/2025 09:55,-13.2
23/08/2025 10:00,-13.6
23/08/2025 10:05,
23/08/2025 10:10,-13.9
23/08/2025 10:15,-13.299999999999999
23/08/2025 10:20,-13.633333333333333
23/08/2025 10:25,
23/08/2025 10:30,
23/08/2025 10:35,-13.95
23/08/2025 10:40,-13.533333333333333
23/08/2025 10:45,-13.649999999999999
23/08/2025 10:50,-13.9
23/08/2025 10:55,-14.4
23/08/2025 11:00,
23/08/2025 11:05,-16.1
23/08/2025 11:10,
23/08/2025 11:15,-17.05
23/08/2025 11:20,-16.3
23/08/2025 11:25,
23/08/2025 11:30,-14.0
23/08/2025 11:35,
23/08/2025 11:40,
23/08/2025 11:45,-8.3
23/08/2025 11:50,
23/08/2025 11:55,
23/08/2025 12:00,-0.9
23/08/2025 12:05,
23/08/2025 12:10,
23/08/2025 12:15,
23/08/2025 12:20,
23/08/2025 12:25,
23/08/2025 12:30,
23/08/2025 12:35,
23/08/2025 12:40,
23/08/2025 12:45,
23/08/2025 12:50,
23/08/2025 12:55,
23/08/2025 13:00,-10.2
23/08/2025 13:05,-11.7
23/08/2025 13:10,
23/08/2025 13:15,-12.2
23/08/2025 13:20,-13.2
23/08/2025 13:25,
23/08/2025 13:30,
23/08/2025 13:35,
23/08/2025 13:40,-14.2
23/08/2025 13:45,
23/08/2025 13:50,-13.9
23/08/2025 13:55,-14.066666666666668
23/08/2025 14:00,-14.6
23/08/2025 14:05,-14.9
23/08/2025 14:10,-14.850000000000001
23/08/2025 14:15,
23/08/2025 14:20,-15.133333333333333
23/08/2025 14:25,-15.4
23/08/2025 14:30,-15.266666666666666
23/08/2025 14:35,-15.6
23/08/2025 14:40,
23/08/2025 14:45,
23/08/2025 14:50,-16.35
23/08/2025 14:55,-17.05
23/08/2025 15:00,
23/08/2025 15:05,-16.2
23/08/2025 15:10,-16.85
23/08/2025 15:15,
23/08/2025 15:20,-16.5
23/08/2025 15:25,
23/08/2025 15:30,-16.0
23/08/2025 15:35,
23/08/2025 15:40,-9.2
23/08/2025 15:45,-5.8
23/08/2025 15:50,-3.4
23/08/2025 15:55,
23/08/2025 16:00,
23/08/2025 16:05,
23/08/2025 16:10,
23/08/2025 16:15,
23/08/2025 16:20,
23/08/2025 16:25,
23/08/2025 16:30,
23/08/2025 16:35,
23/08/2025 16:40,
23/08/2025 16:45,
23/08/2025 16:50,
23/08/2025 16:55,
23/08/2025 17:00,
23/08/2025 17:05,
23/08/2025 17:10,
23/08/2025 17:15,
23/08/2025 17:20,
23/08/2025 17:25,
23/08/2025 17:30,
23/08/2025 17:35,
23/08/2025 17:40,
23/08/2025 17:45,
23/08/2025 17:50,
23/08/2025 17:55,
23/08/2025 18:00,
23/08/2025 18:05,
23/08/2025 18:10,
23/08/2025 18:15,-16.2
23/08/2025 18:20,
23/08/2025 18:25,
23/08/2025 18:30,
23/08/2025 18:35,
23/08/2025 18:40,
23/08/2025 18:45,-14.6
23/08/2025 18:50,-15.2
23/08/2025 18:55,
23/08/2025 19:00,
23/08/2025 19:05,
23/08/2025 19:10,
23/08/2025 19:15,
23/08/2025 19:20,
23/08/2025 19:25,
23/08/2025 19:30,-15.1
23/08/2025 19:35,
23/08/2025 19:40,-14.5
23/08/2025 19:45,
23/08/2025 19:50,-9.3
23/08/2025 19:55,-7.8
23/08/2025 20:00,-4.4
23/08/2025 20:05,
23/08/2025 20:10,
23/08/2025 20:15,-0.30000000000000004
23/08/2025 20:20,2.3000000000000003
23/08/2025 20:25,
23/08/2025 20:30,2.966666666666667
23/08/2025 20:35,-0.275
23/08/2025 20:40,-4.6000000000000005
23/08/2025 20:45,-8.057142857142857
23/08/2025 20:50,-9.928571428571429
23/08/2025 20:55,-11.616666666666667
23/08/2025 21:00,-13.822222222222223
23/08/2025 21:05,-14.685714285714285
23/08/2025 21:10,-15.12857142857143
23/08/2025 21:15,-16.2
23/08/2025 21:20,-15.433333333333332
23/08/2025 21:25,-15.88
23/08/2025 21:30,-16.333333333333332
23/08/2025 21:35,-15.700000000000001
23/08/2025 21:40,-15.299999999999999
23/08/2025 21:45,-15.966666666666667
23/08/2025 21:50,-15.65
23/08/2025 21:55,-14.666666666666666
23/08/2025 22:00,-15.325
23/08/2025 22:05,-15.399999999999999
23/08/2025 22:10,-14.6
23/08/2025 22:15,-14.733333333333334
23/08/2025 22:20,-14.680000000000001
23/08/2025 22:25,-14.0
23/08/2025 22:30,-14.475
23/08/2025 22:35,-14.9
23/08/2025 22:40,-14.0
23/08/2025 22:45,-14.5
23/08/2025 22:50,-15.0
23/08/2025 22:55,-14.166666666666666
23/08/2025 23:00,-13.95
23/08/2025 23:05,-14.633333333333333
23/08/2025 23:10,-13.7
23/08/2025 23:15,-14.475
23/08/2025 23:20,-14.583333333333334
23/08/2025 23:25,-13.5
23/08/2025 23:30,-14.3
23/08/2025 23:35,-14.833333333333334
23/08/2025 23:40,-15.3
23/08/2025 23:45,-13.933333333333332
23/08/2025 23:50,-10.975
23/08/2025 23:55,-8.5
24/08/2025 00:00,-7.066666666666666
24/08/2025 00:05,
24/08/2025 00:10,-2.0
24/08/2025 00:15,-0.7
24/08/2025 00:20,0.1
24/08/2025 00:25,1.3
24/08/2025 00:30,2.95
24/08/2025 00:35,-0.2
24/08/2025 00:40,-2.9
24/08/2025 00:45,-6.175
24/08/2025 00:50,-9.84
24/08/2025 00:55,-12.1
24/08/2025 01:00,-13.988888888888889
24/08/2025 01:05,-15.0
24/08/2025 01:10,-14.700000000000001
24/08/2025 01:15,-15.414285714285715
24/08/2025 01:20,-15.5
24/08/2025 01:25,-14.785714285714286
24/08/2025 01:30,-15.180000000000001
24/08/2025 01:35,-14.66
24/08/2025 01:40,
24/08/2025 01:45,-15.0
24/08/2025 01:50,-14.4
24/08/2025 01:55,-14.75
24/08/2025 02:00,-15.1
24/08/2025 02:05,-14.266666666666666
24/08/2025 02:10,-14.1
24/08/2025 02:15,-15.149999999999999
24/08/2025 02:20,-14.65
24/08/2025 02:25,-14.0
24/08/2025 02:30,-14.825
24/08/2025 02:35,-14.775
24/08/2025 02:40,-13.8
24/08/2025 02:45,-14.6
24/08/2025 02:50,-14.016666666666666
24/08/2025 02:55,-14.05
24/08/2025 03:00,-14.9
24/08/2025 03:05,-13.9
24/08/2025 03:10,-13.833333333333334
24/08/2025 03:15,-14.8
24/08/2025 03:20,-14.0
24/08/2025 03:25,-13.833333333333334
24/08/2025 03:30,-14.75
24/08/2025 03:35,-14.0
24/08/2025 03:40,-13.45
24/08/2025 03:45,-14.15
24/08/2025 03:50,-12.1
24/08/2025 03:55,-9.850000000000001
24/08/2025 04:00,-8.7
24/08/2025 04:05,-7.0
24/08/2025 04:10,-4.4
24/08/2025 04:15,-1.2
24/08/2025 04:20,
24/08/2025 04:25,1.1
24/08/2025 04:30,2.9000000000000004
24/08/2025 04:35,3.3
24/08/2025 04:40,-1.325
24/08/2025 04:45,-4.166666666666667
24/08/2025 04:50,-8.450000000000001
24/08/2025 04:55,-11.26
24/08/2025 05:00,-13.200000000000001
24/08/2025 05:05,-14.733333333333334
24/08/2025 05:10,-14.35
24/08/2025 05:15,-14.95
24/08/2025 05:20,-14.5
24/08/2025 05:25,-14.8
24/08/2025 05:30,-15.15
24/08/2025 05:35,-14.166666666666666
24/08/2025 05:40,-14.825
24/08/2025 05:45,-13.9
24/08/2025 05:50,-14.033333333333333
24/08/2025 05:55,-14.766666666666666
24/08/2025 06:00,-13.9
24/08/2025 06:05,-14.033333333333333
24/08/2025 06:10,-14.850000000000001
24/08/2025 06:15,-14.233333333333334
24/08/2025 06:20,-13.700000000000001
24/08/2025 06:25,-14.6
24/08/2025 06:30,-13.666666666666666
24/08/2025 06:35,-13.516666666666666
24/08/2025 06:40,-14.633333333333333
24/08/2025 06:45,-14.233333333333334
24/08/2025 06:50,-13.600000000000001
24/08/2025 06:55,-14.366666666666667
24/08/2025 07:00,-14.35
24/08/2025 07:05,-13.566666666666668
24/08/2025 07:10,
24/08/2025 07:15,
24/08/2025 07:20,
24/08/2025 07:25,
24/08/2025 07:30,
24/08/2025 07:35,-13.7
24/08/2025 07:40,
24/08/2025 07:45,
24/08/2025 07:50,
24/08/2025 07:55,
24/08/2025 08:00,
24/08/2025 08:05,
24/08/2025 08:10,
24/08/2025 08:15,
24/08/2025 08:20,
24/08/2025 08:25,
24/08/2025 08:30,
24/08/2025 08:35,
24/08/2025 08:40,3.1
24/08/2025 08:45,
24/08/2025 08:50,
24/08/2025 08:55,
24/08/2025 09:00,-8.6
24/08/2025 09:05,-11.4
24/08/2025 09:10,-11.6
24/08/2025 09:15,
24/08/2025 09:20,
24/08/2025 09:25,
24/08/2025 09:30,
24/08/2025 09:35,
24/08/2025 09:40,
24/08/2025 09:45,
24/08/2025 09:50,
24/08/2025 09:55,
24/08/2025 10:00,-13.8
24/08/2025 10:05,-13.7
24/08/2025 10:10,-12.233333333333334
24/08/2025 10:15,-11.577777777777778
24/08/2025 10:20,-11.057142857142859
24/08/2025 10:25,
24/08/2025 10:30,-11.2
24/08/2025 10:35,-11.25
24/08/2025 10:40,-12.666666666666666
24/08/2025 10:45,-14.0
24/08/2025 10:50,-14.5
24/08/2025 10:55,
24/08/2025 11:00,
24/08/2025 11:05,-16.4
24/08/2025 11:10,-14.8
24/08/2025 11:15,
24/08/2025 11:20,-10.0
24/08/2025 11:25,-10.399999999999999
24/08/2025 11:30,-13.35
24/08/2025 11:35,-14.95
24/08/2025 11:40,-16.05
24/08/2025 11:45,-16.757142857142856
24/08/2025 11:50,-13.26
24/08/2025 11:55,-9.325
24/08/2025 12:00,-5.14
24/08/2025 12:05,-3.7454545454545456
24/08/2025 12:10,-0.275
24/08/2025 12:15,0.0
24/08/2025 12:20,2.05
24/08/2025 12:25,2.9
24/08/2025 12:30,4.016666666666667
24/08/2025 12:35,5.085714285714286
24/08/2025 12:40,4.65
24/08/2025 12:45,
24/08/2025 12:50,-4.949999999999999
24/08/2025 12:55,-5.9
24/08/2025 13:00,-9.128571428571428
24/08/2025 13:05,-10.30909090909091
24/08/2025 13:10,-11.519047619047619
24/08/2025 13:15,-12.822222222222223
24/08/2025 13:20,-13.716666666666667
24/08/2025 13:25,-14.11
24/08/2025 13:30,-15.233333333333334
24/08/2025 13:35,-15.545454545454545
24/08/2025 13:40,-15.74
24/08/2025 13:45,-16.34705882352941
24/08/2025 13:50,-16.526666666666667
24/08/2025 13:55,-16.570588235294117
24/08/2025 14:00,-16.6
24/08/2025 14:05,-16.7
24/08/2025 14:10,-16.849999999999998
24/08/2025 14:15,-16.97142857142857
24/08/2025 14:20,-17.147368421052633
24/08/2025 14:25,-17.5
24/08/2025 14:30,-18.080000000000002
24/08/2025 14:35,-18.058823529411764
24/08/2025 14:40,-17.96153846153846
24/08/2025 14:45,-17.981818181818184
24/08/2025 14:50,-18.016666666666666
24/08/2025 14:55,-18.02857142857143
24/08/2025 15:00,-18.133333333333333
24/08/2025 15:05,-18.241666666666667
24/08/2025 15:10,-18.55
24/08/2025 15:15,-18.224999999999998
24/08/2025 15:20,-16.64
24/08/2025 15:25,-16.13125
24/08/2025 15:30,-17.245454545454546
24/08/2025 15:35,-17.327272727272728
24/08/2025 15:40,-16.06
24/08/2025 15:45,-14.9375
24/08/2025 15:50,-14.868421052631579
24/08/2025 15:55,-13.450000000000001
24/08/2025 16:00,-10.68
24/08/2025 16:05,-8.49
24/08/2025 16:10,-6.154545454545455
24/08/2025 16:15,-3.9000000000000004
24/08/2025 16:20,-1.9000000000000001
24/08/2025 16:25,-0.45
24/08/2025 16:30,0.225
24/08/2025 16:35,2.1125
24/08/2025 16:40,3.016666666666667
24/08/2025 16:45,0.8250000000000001
24/08/2025 16:50,-3.6769230769230767
24/08/2025 16:55,-7.418181818181818
24/08/2025 17:00,-10.126315789473685
24/08/2025 17:05,-12.228
24/08/2025 17:10,-13.284615384615384
24/08/2025 17:15,-14.158333333333333
24/08/2025 17:20,-15.935714285714285
24/08/2025 17:25,-16.41875
24/08/2025 17:30,-17.325
24/08/2025 17:35,-18.184615384615384
24/08/2025 17:40,-18.773333333333333
24/08/2025 17:45,-17.958333333333332
24/08/2025 17:50,-16.736363636363635
24/08/2025 17:55,-16.954545454545453
24/08/2025 18:00,-17.65
24/08/2025 18:05,-16.876923076923077
24/08/2025 18:10,-16.46153846153846
24/08/2025 18:15,-17.363636363636363
24/08/2025 18:20,-17.1375
24/08/2025 18:25,-15.929411764705883
24/08/2025 18:30,-15.623809523809525
24/08/2025 18:35,-16.405555555555555
24/08/2025 18:40,-16.900000000000002
24/08/2025 18:45,-15.87
24/08/2025 18:50,-14.96923076923077
24/08/2025 18:55,-15.528571428571428
24/08/2025 19:00,-16.672727272727272
24/08/2025 19:05,-16.283333333333335
24/08/2025 19:10,-15.144444444444446
24/08/2025 19:15,-15.381818181818181
24/08/2025 19:20,-16.32941176470588
24/08/2025 19:25,-15.545454545454545
24/08/2025 19:30,-14.63
24/08/2025 19:35,-15.825000000000001
24/08/2025 19:40,-16.146153846153847
24/08/2025 19:45,-15.233333333333334
24/08/2025 19:50,-14.245454545454544
24/08/2025 19:55,-13.777777777777779
24/08/2025 20:00,-11.370000000000001
24/08/2025 20:05,-9.488888888888889
24/08/2025 20:10,-7.211111111111112
24/08/2025 20:15,-4.890909090909091
24/08/2025 20:20,-2.7
24/08/2025 20:25,-0.9099999999999999
24/08/2025 20:30,-0.009999999999999998
24/08/2025 20:35,1.2285714285714284
24/08/2025 20:40,2.7545454545454544
24/08/2025 20:45,2.3555555555555556
24/08/2025 20:50,-2.185714285714286
24/08/2025 20:55,-6.185714285714285
24/08/2025 21:00,-9.373333333333333
24/08/2025 21:05,-11.846153846153847
24/08/2025 21:10,-13.354166666666666
24/08/2025 21:15,-15.0
24/08/2025 21:20,-15.75
24/08/2025 21:25,-15.2875
24/08/2025 21:30,-15.547058823529412
24/08/2025 21:35,-15.853333333333333
24/08/2025 21:40,-15.021428571428572
24/08/2025 21:45,-15.674999999999999
24/08/2025 21:50,-16.1
24/08/2025 21:55,-15.184615384615386
24/08/2025 22:00,-15.118181818181819
24/08/2025 22:05,-15.823076923076922
24/08/2025 22:10,-14.87
24/08/2025 22:15,-14.964285714285714
24/08/2025 22:20,-15.790000000000001
24/08/2025 22:25,-15.8
24/08/2025 22:30,-14.671428571428573
24/08/2025 22:35,-15.063636363636363
24/08/2025 22:40,-15.653333333333334
24/08/2025 22:45,-14.675
24/08/2025 22:50,-14.818181818181818
24/08/2025 22:55,-15.725
24/08/2025 23:00,-15.518181818181818
24/08/2025 23:05,-14.5
24/08/2025 23:10,-15.145454545454545
24/08/2025 23:15,-15.390909090909092
24/08/2025 23:20,-14.427272727272726
24/08/2025 23:25,-15.223076923076924
24/08/2025 23:30,-15.258333333333333
24/08/2025 23:35,-14.414285714285715
24/08/2025 23:40,-15.045454545454545
24/08/2025 23:45,-15.236363636363636
24/08/2025 23:50,-14.329411764705881
24/08/2025 23:55,-14.0375
25/08/2025 00:00,-12.721052631578948
25/08/2025 00:05,-10.572727272727272
25/08/2025 00:10,-8.47
25/08/2025 00:15,-6.181818181818182
25/08/2025 00:20,-3.716666666666667
25/08/2025 00:25,-1.8727272727272728
25/08/2025 00:30,-0.2545454545454545
25/08/2025 00:35,0.38749999999999996
25/08/2025 00:40,2.4000000000000004
25/08/2025 00:45,3.2555555555555555
25/08/2025 00:50,0.86
25/08/2025 00:55,-3.8642857142857143
25/08/2025 01:00,-7.15
25/08/2025 01:05,-10.464705882352941
25/08/2025 01:10,-12.522727272727273
25/08/2025 01:15,-14.34
25/08/2025 01:20,-14.675
25/08/2025 01:25,-14.715789473684211
25/08/2025 01:30,-15.594999999999999
25/08/2025 01:35,-15.485714285714286
25/08/2025 01:40,-14.785714285714286
25/08/2025 01:45,-15.692857142857141
25/08/2025 01:50,-15.1
25/08/2025 01:55,-14.623076923076923
25/08/2025 02:00,-15.466666666666667
25/08/2025 02:05,-15.358333333333334
25/08/2025 02:10,-14.575000000000001
25/08/2025 02:15,-15.427272727272726
25/08/2025 02:20,-14.75
25/08/2025 02:25,-14.763636363636364
25/08/2025 02:30,-15.58888888888889
25/08/2025 02:35,-15.466666666666665
25/08/2025 02:40,-14.446666666666665
25/08/2025 02:45,-14.979999999999999
25/08/2025 02:50,-15.292857142857143
25/08/2025 02:55,-14.330769230769231
25/08/2025 03:00,-14.957142857142857
25/08/2025 03:05,-15.492857142857144
25/08/2025 03:10,-14.719999999999999
25/08/2025 03:15,-14.191666666666668
25/08/2025 03:20,-15.37
25/08/2025 03:25,-15.009090909090908
25/08/2025 03:30,-14.184615384615386
25/08/2025 03:35,-15.008333333333333
25/08/2025 03:40,-14.728571428571428
25/08/2025 03:45,-13.957142857142857
25/08/2025 03:50,-14.261904761904763
25/08/2025 03:55,-14.933333333333334
25/08/2025 04:00,-14.783333333333335
25/08/2025 04:05,-12.541666666666666
25/08/2025 04:10,-10.427272727272728
25/08/2025 04:15,-8.120000000000001
25/08/2025 04:20,-5.4125
25/08/2025 04:25,-3.1818181818181817
25/08/2025 04:30,-1.0272727272727273
25/08/2025 04:35,0.009090909090909092
25/08/2025 04:40,1.3199999999999998
25/08/2025 04:45,2.8333333333333335
25/08/2025 04:50,2.466666666666667
25/08/2025 04:55,-1.9181818181818182
25/08/2025 05:00,-6.292307692307692
25/08/2025 05:05,-8.74736842105263
25/08/2025 05:10,-12.086363636363636
25/08/2025 05:15,-13.968
25/08/2025 05:20,-15.59047619047619
25/08/2025 05:25,-16.03125
25/08/2025 05:30,-15.161538461538461
25/08/2025 05:35,-15.6125
25/08/2025 05:40,-16.18
25/08/2025 05:45,-15.033333333333333
25/08/2025 05:50,-15.328571428571427
25/08/2025 05:55,-16.071428571428573
25/08/2025 06:00,-15.766666666666667
25/08/2025 06:05,-14.600000000000001
25/08/2025 06:10,-15.35
25/08/2025 06:15,-15.16
25/08/2025 06:20,-14.345454545454546
25/08/2025 06:25,-15.23
25/08/2025 06:30,-15.479999999999999
25/08/2025 06:35,-14.472222222222221
25/08/2025 06:40,-14.689473684210528
25/08/2025 06:45,-15.2
25/08/2025 06:50,-14.19090909090909
25/08/2025 06:55,-14.4875
25/08/2025 07:00,-15.354545454545455
25/08/2025 07:05,-14.88
25/08/2025 07:10,-14.030000000000001
25/08/2025 07:15,-14.936363636363637
25/08/2025 07:20,-14.63
25/08/2025 07:25,-13.845454545454546
25/08/2025 07:30,-14.814285714285715
25/08/2025 07:35,-14.52
25/08/2025 07:40,-13.907692307692308
25/08/2025 07:45,
25/08/2025 07:50,-14.459999999999999
25/08/2025 07:55,-13.866666666666667
25/08/2025 08:00,
25/08/2025 08:05,
25/08/2025 08:10,-8.8
25/08/2025 08:15,-6.533333333333334
25/08/2025 08:20,-4.677777777777778
25/08/2025 08:25,-3.0
25/08/2025 08:30,
25/08/2025 08:35,0.6
25/08/2025 08:40,2.2625
25/08/2025 08:45,3.3899999999999997
25/08/2025 08:50,4.311111111111112
25/08/2025 08:55,1.8555555555555554
25/08/2025 09:00,-2.891666666666667
25/08/2025 09:05,-6.859999999999999
25/08/2025 09:10,-9.652941176470588
25/08/2025 09:15,-11.92
25/08/2025 09:20,-13.305555555555555
25/08/2025 09:25,-13.88125
25/08/2025 09:30,-14.99
25/08/2025 09:35,-15.511111111111111
25/08/2025 09:40,-15.6
25/08/2025 09:45,-16.366666666666667
25/08/2025 09:50,-17.1875
25/08/2025 09:55,-16.257142857142856
25/08/2025 10:00,-16.575
25/08/2025 10:05,-16.8
25/08/2025 10:10,-16.75
25/08/2025 10:15,-17.8
25/08/2025 10:20,-18.1
25/08/2025 10:25,-16.614285714285714
25/08/2025 10:30,-15.071428571428571
25/08/2025 10:35,-15.373333333333333
25/08/2025 10:40,-15.822222222222223
25/08/2025 10:45,-16.244444444444444
25/08/2025 10:50,-16.61111111111111
25/08/2025 10:55,-16.9
25/08/2025 11:00,-16.966666666666665
25/08/2025 11:05,-16.97142857142857
25/08/2025 11:10,-17.142857142857142
25/08/2025 11:15,-17.2
25/08/2025 11:20,-17.225
25/08/2025 11:25,-17.47
25/08/2025 11:30,-17.675
25/08/2025 11:35,-17.79090909090909
25/08/2025 11:40,-17.8
25/08/2025 11:45,-17.844444444444445
25/08/2025 11:50,-17.98
25/08/2025 11:55,-18.053333333333335
25/08/2025 12:00,
25/08/2025 12:05,
25/08/2025 12:10,
25/08/2025 12:15,
25/08/2025 12:20,
25/08/2025 12:25,
25/08/2025 12:30,-2.0
25/08/2025 12:35,-0.9500000000000001
25/08/2025 12:40,-0.1
25/08/2025 12:45,3.4
25/08/2025 12:50,4.1000000000000005
25/08/2025 12:55,3.7666666666666666
25/08/2025 13:00,-1.2222222222222223
25/08/2025 13:05,-4.861538461538462
25/08/2025 13:10,-8.664285714285715
25/08/2025 13:15,-11.2625
25/08/2025 13:20,-13.469565217391304
25/08/2025 13:25,-15.00357142857143
25/08/2025 13:30,-16.066666666666666
25/08/2025 13:35,-16.964285714285715
25/08/2025 13:40,-17.573333333333334
25/08/2025 13:45,-18.133333333333333
25/08/2025 13:50,-18.594117647058823
25/08/2025 13:55,-18.914285714285715
25/08/2025 14:00,-18.875
25/08/2025 14:05,-17.441666666666666
25/08/2025 14:10,-16.423076923076923
25/08/2025 14:15,-17.16086956521739
25/08/2025 14:20,-17.953846153846154
25/08/2025 14:25,-17.8
25/08/2025 14:30,-16.28666666666667
25/08/2025 14:35,-15.563636363636363
25/08/2025 14:40,-16.75
25/08/2025 14:45,-16.578260869565216
25/08/2025 14:50,-15.311111111111112
25/08/2025 14:55,-15.366666666666667
25/08/2025 15:00,-16.790909090909093
25/08/2025 15:05,-16.541666666666668
25/08/2025 15:10,-15.253846153846155
25/08/2025 15:15,-14.6
25/08/2025 15:20,-14.983333333333334
25/08/2025 15:25,-15.492857142857144
25/08/2025 15:30,-15.981818181818182
25/08/2025 15:35,-16.463636363636365
25/08/2025 15:40,-16.766666666666666
25/08/2025 15:45,-17.075
25/08/2025 15:50,-17.349999999999998
25/08/2025 15:55,-17.676923076923078
25/08/2025 16:00,-17.889473684210525
25/08/2025 16:05,-17.857142857142858
25/08/2025 16:10,-14.88
25/08/2025 16:15,-12.0
25/08/2025 16:20,-9.305263157894737
25/08/2025 16:25,-5.808333333333334
25/08/2025 16:30,-3.4818181818181815
25/08/2025 16:35,-1.7
25/08/2025 16:40,-0.25
25/08/2025 16:45,0.30833333333333335
25/08/2025 16:50,1.9636363636363638
25/08/2025 16:55,2.9454545454545453
25/08/2025 17:00,-0.32499999999999996
25/08/2025 17:05,-4.809090909090909
25/08/2025 17:10,-8.086666666666666
25/08/2025 17:15,-10.178947368421053
25/08/2025 17:20,-12.831578947368422
25/08/2025 17:25,-14.395999999999999
25/08/2025 17:30,-15.73448275862069
25/08/2025 17:35,-16.3
25/08/2025 17:40,-17.04
25/08/2025 17:45,-17.507692307692306
25/08/2025 17:50,-17.758823529411764
25/08/2025 17:55,-18.307142857142857
25/08/2025 18:00,-18.442105263157895
25/08/2025 18:05,-18.464285714285715
25/08/2025 18:10,-16.91875
25/08/2025 18:15,-16.076923076923077
25/08/2025 18:20,-16.554545454545455
25/08/2025 18:25,-17.41
25/08/2025 18:30,-16.53846153846154
25/08/2025 18:35,-15.255555555555556
25/08/2025 18:40,-16.16
25/08/2025 18:45,-16.404545454545453
25/08/2025 18:50,-15.378947368421052
25/08/2025 18:55,-14.655555555555557
25/08/2025 19:00,-15.966666666666667
25/08/2025 19:05,-15.713333333333335
25/08/2025 19:10,-14.583333333333334
25/08/2025 19:15,-14.169230769230769
25/08/2025 19:20,-14.853846153846153
25/08/2025 19:25,-15.6
25/08/2025 19:30,-16.223076923076924
25/08/2025 19:35,-16.76153846153846
25/08/2025 19:40,-16.79090909090909
25/08/2025 19:45,-15.607692307692307
25/08/2025 19:50,-14.614285714285714
25/08/2025 19:55,-15.330000000000002
25/08/2025 20:00,-16.338461538461537
25/08/2025 20:05,-16.426315789473687
25/08/2025 20:10,-14.194736842105263
25/08/2025 20:15,-11.038888888888888
25/08/2025 20:20,-7.816666666666666
25/08/2025 20:25,-5.092307692307693
25/08/2025 20:30,-3.0357142857142856
25/08/2025 20:35,-1.3733333333333335
25/08/2025 20:40,-0.14545454545454548
25/08/2025 20:45,0.36
25/08/2025 20:50,2.32
25/08/2025 20:55,3.511111111111111
25/08/2025 21:00,2.3111111111111113
25/08/2025 21:05,-1.8214285714285714
25/08/2025 21:10,-6.077777777777778
25/08/2025 21:15,-8.788235294117648
25/08/2025 21:20,-11.299999999999999
25/08/2025 21:25,-13.56086956521739
25/08/2025 21:30,-14.896296296296295
25/08/2025 21:35,-14.46
25/08/2025 21:40,-14.866666666666667
25/08/2025 21:45,-14.6
25/08/2025 21:50,-14.642857142857142
25/08/2025 21:55,-15.335714285714285
25/08/2025 22:00,-14.63076923076923
25/08/2025 22:05,-14.661538461538461
25/08/2025 22:10,-14.873333333333333
25/08/2025 22:15,-14.1
25/08/2025 22:20,-14.82
25/08/2025 22:25,-14.85
25/08/2025 22:30,-14.025
25/08/2025 22:35,-14.707692307692307
25/08/2025 22:40,-14.03125
25/08/2025 22:45,-14.058823529411764
25/08/2025 22:50,-14.527272727272726
25/08/2025 22:55,-13.656521739130437
25/08/2025 23:00,-14.173333333333334
25/08/2025 23:05,-14.146153846153847
25/08/2025 23:10,-13.338461538461539
25/08/2025 23:15,-13.799999999999999
25/08/2025 23:20,-14.674999999999999
25/08/2025 23:25,-15.009090909090908
25/08/2025 23:30,-14.127272727272727
25/08/2025 23:35,-13.7
25/08/2025 23:40,-14.618181818181819
25/08/2025 23:45,-14.254545454545456
25/08/2025 23:50,-13.483333333333334
25/08/2025 23:55,-14.281818181818181
26/08/2025 00:00,-14.484615384615385
26/08/2025 00:05,-13.522727272727273
26/08/2025 00:10,-13.55625
26/08/2025 00:15,-11.782352941176471
26/08/2025 00:20,-9.484615384615385
26/08/2025 00:25,-7.108333333333333
26/08/2025 00:30,-4.372727272727273
26/08/2025 00:35,-2.4
26/08/2025 00:40,-0.5666666666666667
26/08/2025 00:45,0.13
26/08/2025 00:50,1.6923076923076923
26/08/2025 00:55,3.2181818181818183
26/08/2025 01:00,3.9538461538461536
26/08/2025 01:05,0.22500000000000003
26/08/2025 01:10,-4.086666666666667
26/08/2025 01:15,-7.517647058823529
26/08/2025 01:20,-9.722222222222221
26/08/2025 01:25,-12.879999999999999
26/08/2025 01:30,-14.381481481481481
26/08/2025 01:35,-15.726666666666667
26/08/2025 01:40,-16.509090909090908
26/08/2025 01:45,-16.5
26/08/2025 01:50,-15.475
26/08/2025 01:55,-16.0
26/08/2025 02:00,-16.607142857142858
26/08/2025 02:05,-15.658823529411764
26/08/2025 02:10,-14.93125
26/08/2025 02:15,-15.692307692307692
26/08/2025 02:20,-15.98235294117647
26/08/2025 02:25,-14.907692307692308
26/08/2025 02:30,-14.805882352941175
26/08/2025 02:35,-15.785714285714286
26/08/2025 02:40,-15.271428571428572
26/08/2025 02:45,-14.366666666666667
26/08/2025 02:50,-15.313636363636363
26/08/2025 02:55,-15.425
26/08/2025 03:00,-14.443478260869565
26/08/2025 03:05,-14.784615384615384
26/08/2025 03:10,-15.37857142857143
26/08/2025 03:15,-15.866666666666667
26/08/2025 03:20,-16.336363636363636
26/08/2025 03:25,-15.775
26/08/2025 03:30,-14.585714285714285
26/08/2025 03:35,-14.479999999999999
26/08/2025 03:40,-15.63076923076923
26/08/2025 03:45,-16.080000000000002
26/08/2025 03:50,-15.172727272727274
26/08/2025 03:55,-14.133333333333333
26/08/2025 04:00,-14.838461538461539
26/08/2025 04:05,-15.511764705882353
26/08/2025 04:10,-14.695454545454545
26/08/2025 04:15,-12.717391304347826
26/08/2025 04:20,-9.478947368421052
26/08/2025 04:25,-6.790909090909091
26/08/2025 04:30,-4.658333333333333
26/08/2025 04:35,-2.3000000000000003
26/08/2025 04:40,-0.65
26/08/2025 04:45,0.11818181818181818
26/08/2025 04:50,1.7857142857142858
26/08/2025 04:55,3.2
26/08/2025 05:00,4.33
26/08/2025 05:05,3.3461538461538463
26/08/2025 05:10,-1.54
26/08/2025 05:15,-5.707142857142857
26/08/2025 05:20,-8.9375
26/08/2025 05:25,-10.989473684210527
26/08/2025 05:30,-13.496296296296295
26/08/2025 05:35,-14.200000000000001
26/08/2025 05:40,-14.13103448275862
26/08/2025 05:45,-14.86315789473684
26/08/2025 05:50,-14.23125
26/08/2025 05:55,-14.8125
26/08/2025 06:00,-14.117647058823529
26/08/2025 06:05,-14.844444444444443
26/08/2025 06:10,-14.923529411764704
26/08/2025 06:15,-14.010526315789473
26/08/2025 06:20,-14.788235294117648
26/08/2025 06:25,-14.333333333333334
26/08/2025 06:30,-14.146666666666667
26/08/2025 06:35,-14.547058823529412
26/08/2025 06:40,-13.74375
26/08/2025 06:45,-14.5
26/08/2025 06:50,-13.991666666666667
26/08/2025 06:55,-13.865
26/08/2025 07:00,-14.355555555555556
26/08/2025 07:05,-13.605
26/08/2025 07:10,-13.721428571428572
26/08/2025 07:15,-14.36923076923077
26/08/2025 07:20,-14.776923076923076
26/08/2025 07:25,-13.921428571428573
26/08/2025 07:30,-13.746153846153845
26/08/2025 07:35,-14.376923076923077
26/08/2025 07:40,-14.985714285714286
26/08/2025 07:45,-14.663636363636364
26/08/2025 07:50,-13.766666666666666
26/08/2025 07:55,
26/08/2025 08:00,-14.471428571428572
26/08/2025 08:05,-13.75
26/08/2025 08:10,-14.05
26/08/2025 08:15,-14.66875
26/08/2025 08:20,-13.733333333333334
26/08/2025 08:25,
26/08/2025 08:30,-6.9
26/08/2025 08:35,-4.444444444444445
26/08/2025 08:40,-1.1199999999999999
26/08/2025 08:45,0.36666666666666664
26/08/2025 08:50,2.1625
26/08/2025 08:55,2.9499999999999997
26/08/2025 09:00,4.171428571428572
26/08/2025 09:05,5.7875000000000005
26/08/2025 09:10,2.8272727272727276
26/08/2025 09:15,-2.4
26/08/2025 09:20,-6.2727272727272725
26/08/2025 09:25,-8.700000000000001
26/08/2025 09:30,-10.492307692307692
26/08/2025 09:35,-12.28
26/08/2025 09:40,-13.55
26/08/2025 09:45,-14.375
26/08/2025 09:50,
26/08/2025 09:55,-15.75
26/08/2025 10:00,-15.959999999999999
26/08/2025 10:05,-16.16
26/08/2025 10:10,-16.4
26/08/2025 10:15,-16.585714285714285
26/08/2025 10:20,-16.7375
26/08/2025 10:25,-16.9
26/08/2025 10:30,-16.985714285714288
26/08/2025 10:35,
26/08/2025 10:40,-16.65
26/08/2025 10:45,-17.7
26/08/2025 10:50,-17.1875
26/08/2025 10:55,-16.02
26/08/2025 11:00,-16.0
26/08/2025 11:05,-17.353846153846153
26/08/2025 11:10,-16.928571428571427
26/08/2025 11:15,-15.875
26/08/2025 11:20,-14.9
26/08/2025 11:25,-14.64
26/08/2025 11:30,-14.675
26/08/2025 11:35,-14.657142857142857
26/08/2025 11:40,-14.9
26/08/2025 11:45,-14.944444444444445
26/08/2025 11:50,-14.914285714285715
26/08/2025 11:55,-15.116666666666667
26/08/2025 12:00,-15.4375
26/08/2025 12:05,-15.742857142857144
26/08/2025 12:10,-15.211111111111112
26/08/2025 12:15,-14.48
26/08/2025 12:20,-13.84
26/08/2025 12:25,-10.941666666666668
26/08/2025 12:30,-8.655555555555557
26/08/2025 12:35,-6.45
26/08/2025 12:40,-3.433333333333333
26/08/2025 12:45,-1.3142857142857143
26/08/2025 12:50,-0.34285714285714286
26/08/2025 12:55,1.4599999999999997
26/08/2025 13:00,4.5
26/08/2025 13:05,4.9
26/08/2025 13:10,
26/08/2025 13:15,-0.45
26/08/2025 13:20,-6.4
26/08/2025 13:25,
26/08/2025 13:30,-10.7
26/08/2025 13:35,-11.966666666666667
26/08/2025 13:40,-13.1
26/08/2025 13:45,-13.37142857142857
26/08/2025 13:50,
26/08/2025 13:55,-14.95
26/08/2025 14:00,-15.1
26/08/2025 14:05,-15.700000000000001
26/08/2025 14:10,-16.033333333333335
26/08/2025 14:15,-16.34
26/08/2025 14:20,-16.666666666666668
26/08/2025 14:25,-17.0
26/08/2025 14:30,-17.299999999999997
26/08/2025 14:35,-17.475
26/08/2025 14:40,-17.8
26/08/2025 14:45,-18.119999999999997
26/08/2025 14:50,-19.075
26/08/2025 14:55,-19.133333333333333
26/08/2025 15:00,-19.866666666666667
26/08/2025 15:05,-19.53333333333333
26/08/2025 15:10,-17.52857142857143
26/08/2025 15:15,-16.16
26/08/2025 15:20,
26/08/2025 15:25,-15.775
26/08/2025 15:30,-15.8
26/08/2025 15:35,-15.866666666666667
26/08/2025 15:40,-16.066666666666666
26/08/2025 15:45,-16.32857142857143
26/08/2025 15:50,-16.25
26/08/2025 15:55,-16.3
26/08/2025 16:00,-16.533333333333335
26/08/2025 16:05,-16.666666666666668
26/08/2025 16:10,-16.666666666666668
26/08/2025 16:15,-16.400000000000002
26/08/2025 16:20,-14.9
26/08/2025 16:25,-13.26
26/08/2025 16:30,-11.16
26/08/2025 16:35,
26/08/2025 16:40,-3.4
26/08/2025 16:45,
26/08/2025 16:50,
26/08/2025 16:55,
26/08/2025 17:00,
26/08/2025 17:05,
26/08/2025 17:10,
26/08/2025 17:15,-1.1
26/08/2025 17:20,
26/08/2025 17:25,-6.9
26/08/2025 17:30,
26/08/2025 17:35,-11.15
26/08/2025 17:40,-10.850000000000001
26/08/2025 17:45,-13.84
26/08/2025 17:50,-14.5
26/08/2025 17:55,-15.1
26/08/2025 18:00,-15.7
26/08/2025 18:05,-16.0
26/08/2025 18:10,-16.225
26/08/2025 18:15,-15.4
26/08/2025 18:20,-15.575
26/08/2025 18:25,-15.799999999999999
26/08/2025 18:30,
26/08/2025 18:35,-16.4
26/08/2025 18:40,
26/08/2025 18:45,-16.0
26/08/2025 18:50,
26/08/2025 18:55,-15.025
26/08/2025 19:00,
26/08/2025 19:05,
26/08/2025 19:10,
26/08/2025 19:15,-15.399999999999999
26/08/2025 19:20,-15.1
26/08/2025 19:25,
26/08/2025 19:30,-15.9
26/08/2025 19:35,-15.850000000000001
26/08/2025 19:40,-15.866666666666667
26/08/2025 19:45,-15.95
26/08/2025 19:50,
26/08/2025 19:55,-15.733333333333334
26/08/2025 20:00,-15.5
26/08/2025 20:05,-15.766666666666666
26/08/2025 20:10,-16.05
26/08/2025 20:15,-16.55
26/08/2025 20:20,-16.5
26/08/2025 20:25,-14.9
26/08/2025 20:30,
26/08/2025 20:35,-8.2
26/08/2025 20:40,-6.9
26/08/2025 20:45,
26/08/2025 20:50,
26/08/2025 20:55,
26/08/2025 21:00,
26/08/2025 21:05,
26/08/2025 21:10,
26/08/2025 21:15,
26/08/2025 21:20,
26/08/2025 21:25,
26/08/2025 21:30,
26/08/2025 21:35,
26/08/2025 21:40,
26/08/2025 21:45,
26/08/2025 21:50,
26/08/2025 21:55,
26/08/2025 22:00,
26/08/2025 22:05,-15.333333333333334
26/08/2025 22:10,-15.5
26/08/2025 22:15,-14.7
26/08/2025 22:20,-15.3
26/08/2025 22:25,
26/08/2025 22:30,-15.2
26/08/2025 22:35,-14.7
26/08/2025 22:40,-15.0
26/08/2025 22:45,-14.9
26/08/2025 22:50,
26/08/2025 22:55,-15.1
26/08/2025 23:00,
26/08/2025 23:05,
26/08/2025 23:10,
26/08/2025 23:15,-14.75
26/08/2025 23:20,-14.433333333333332
26/08/2025 23:25,-14.966666666666667
26/08/2025 23:30,-14.25
26/08/2025 23:35,-14.5
26/08/2025 23:40,-14.933333333333332
26/08/2025 23:45,-14.55
26/08/2025 23:50,
26/08/2025 23:55,
27/08/2025 00:00,-15.225000000000001
27/08/2025 00:05,-14.45
27/08/2025 00:10,-15.033333333333331
27/08/2025 00:15,-15.15
27/08/2025 00:20,-14.6
27/08/2025 00:25,
27/08/2025 00:30,-12.34
27/08/2025 00:35,-9.4
27/08/2025 00:40,-7.4
27/08/2025 00:45,
27/08/2025 00:50,-1.7
27/08/2025 00:55,
27/08/2025 01:00,
27/08/2025 01:05,
27/08/2025 01:10,
27/08/2025 01:15,
27/08/2025 01:20,
27/08/2025 01:25,
27/08/2025 01:30,
27/08/2025 01:35,
27/08/2025 01:40,
27/08/2025 01:45,-14.8
27/08/2025 01:50,
27/08/2025 01:55,
27/08/2025 02:00,
27/08/2025 02:05,
27/08/2025 02:10,
27/08/2025 02:15,
27/08/2025 02:20,
27/08/2025 02:25,-14.9
27/08/2025 02:30,-14.2
27/08/2025 02:35,
27/08/2025 02:40,-14.850000000000001
27/08/2025 02:45,
27/08/2025 02:50,
27/08/2025 02:55,-14.0
27/08/2025 03:00,
27/08/2025 03:05,
27/08/2025 03:10,-14.7
27/08/2025 03:15,-13.966666666666667
27/08/2025 03:20,-14.800000000000002
27/08/2025 03:25,-14.15
27/08/2025 03:30,
27/08/2025 03:35,-14.85
27/08/2025 03:40,-14.5
27/08/2025 03:45,-14.133333333333333
27/08/2025 03:50,-14.9
27/08/2025 03:55,-14.62
27/08/2025 04:00,-14.266666666666666
27/08/2025 04:05,-14.933333333333332
27/08/2025 04:10,-14.76
27/08/2025 04:15,-14.325
27/08/2025 04:20,-14.916666666666666
27/08/2025 04:25,-14.366666666666667
27/08/2025 04:30,-12.557142857142859
27/08/2025 04:35,-9.9
27/08/2025 04:40,-6.7
27/08/2025 04:45,-5.300000000000001
27/08/2025 04:50,-2.8
27/08/2025 04:55,-1.7999999999999998
27/08/2025 05:00,
27/08/2025 05:05,
27/08/2025 05:10,
27/08/2025 05:15,
27/08/2025 05:20,
27/08/2025 05:25,
27/08/2025 05:30,
27/08/2025 05:35,
27/08/2025 05:40,
27/08/2025 05:45,
27/08/2025 05:50,
27/08/2025 05:55,
27/08/2025 06:00,
27/08/2025 06:05,-15.5
27/08/2025 06:10,-14.8
27/08/2025 06:15,-14.966666666666667
27/08/2025 06:20,-14.5
27/08/2025 06:25,
27/08/2025 06:30,
27/08/2025 06:35,-14.9
27/08/2025 06:40,
27/08/2025 06:45,
27/08/2025 06:50,-13.9
27/08/2025 06:55,-14.6
27/08/2025 07:00,
27/08/2025 07:05,
27/08/2025 07:10,-14.0
27/08/2025 07:15,
27/08/2025 07:20,
27/08/2025 07:25,
27/08/2025 07:30,
27/08/2025 07:35,
27/08/2025 07:40,
27/08/2025 07:45,
27/08/2025 07:50,
27/08/2025 07:55,
27/08/2025 08:00,
27/08/2025 08:05,
27/08/2025 08:10,
27/08/2025 08:15,-14.5
27/08/2025 08:20,
27/08/2025 08:25,
27/08/2025 08:30,
27/08/2025 08:35,
27/08/2025 08:40,
27/08/2025 08:45,
27/08/2025 08:50,
27/08/2025 08:55,
27/08/2025 09:00,
27/08/2025 09:05,
27/08/2025 09:10,
27/08/2025 09:15,
27/08/2025 09:20,
27/08/2025 09:25,
27/08/2025 09:30,
27/08/2025 09:35,
27/08/2025 09:40,
27/08/2025 09:45,
27/08/2025 09:50,
27/08/2025 09:55,
27/08/2025 10:00,
27/08/2025 10:05,
27/08/2025 10:10,
27/08/2025 10:15,
27/08/2025 10:20,
27/08/2025 10:25,
27/08/2025 10:30,
27/08/2025 10:35,
27/08/2025 10:40,
27/08/2025 10:45,
27/08/2025 10:50,
27/08/2025 10:55,
27/08/2025 11:00,
27/08/2025 11:05,
27/08/2025 11:10,
27/08/2025 11:15,-15.1
27/08/2025 11:20,-14.2
27/08/2025 11:25,
27/08/2025 11:30,
27/08/2025 11:35,
27/08/2025 11:40,
27/08/2025 11:45,
27/08/2025 11:50,
27/08/2025 11:55,
27/08/2025 12:00,-16.1
27/08/2025 12:05,
27/08/2025 12:10,
27/08/2025 12:15,
27/08/2025 12:20,
27/08/2025 12:25,
27/08/2025 12:30,
27/08/2025 12:35,
27/08/2025 12:40,
27/08/2025 12:45,
27/08/2025 12:50,
27/08/2025 12:55,
27/08/2025 13:00,-1.3
27/08/2025 13:05,
27/08/2025 13:10,
27/08/2025 13:15,
27/08/2025 13:20,
27/08/2025 13:25,
27/08/2025 13:30,
27/08/2025 13:35,
27/08/2025 13:40,-9.6
27/08/2025 13:45,-10.75
27/08/2025 13:50,-11.9
27/08/2025 13:55,
27/08/2025 14:00,-13.9
27/08/2025 14:05,-15.1
27/08/2025 14:10,-15.2
27/08/2025 14:15,-15.9
27/08/2025 14:20,
27/08/2025 14:25,-16.5
27/08/2025 14:30,-16.8
27/08/2025 14:35,-17.15
27/08/2025 14:40,
27/08/2025 14:45,-17.3
27/08/2025 14:50,
27/08/2025 14:55,
27/08/2025 15:00,
27/08/2025 15:05,
27/08/2025 15:10,-16.6
27/08/2025 15:15,
27/08/2025 15:20,
27/08/2025 15:25,
27/08/2025 15:30,
27/08/2025 15:35,
27/08/2025 15:40,
27/08/2025 15:45,
27/08/2025 15:50,
27/08/2025 15:55,
27/08/2025 16:00,
27/08/2025 16:05,-15.8
27/08/2025 16:10,
27/08/2025 16:15,-16.366666666666667
27/08/2025 16:20,-16.7
27/08/2025 16:25,
27/08/2025 16:30,-16.0
27/08/2025 16:35,-12.5
27/08/2025 16:40,-10.55
27/08/2025 16:45,-6.6
27/08/2025 16:50,-3.4
27/08/2025 16:55,
27/08/2025 17:00,
27/08/2025 17:05,
27/08/2025 17:10,4.8
27/08/2025 17:15,5.3
27/08/2025 17:20,5.9
27/08/2025 17:25,3.9
27/08/2025 17:30,2.55
27/08/2025 17:35,-4.7
27/08/2025 17:40,-6.05
27/08/2025 17:45,-7.566666666666666
27/08/2025 17:50,-10.1
27/08/2025 17:55,-11.2
27/08/2025 18:00,-11.850000000000001
27/08/2025 18:05,-13.333333333333334
27/08/2025 18:10,-13.9
27/08/2025 18:15,-14.459999999999999
27/08/2025 18:20,-14.800000000000002
27/08/2025 18:25,-14.040000000000001
27/08/2025 18:30,-15.125
27/08/2025 18:35,-15.6
27/08/2025 18:40,-15.725
27/08/2025 18:45,-16.016666666666666
27/08/2025 18:50,-16.266666666666666
27/08/2025 18:55,-16.616666666666667
27/08/2025 19:00,-16.842857142857145
27/08/2025 19:05,-17.1375
27/08/2025 19:10,-16.12857142857143
27/08/2025 19:15,-14.9625
27/08/2025 19:20,-15.683333333333335
27/08/2025 19:25,-16.0875
27/08/2025 19:30,-15.0
27/08/2025 19:35,-13.961538461538462
27/08/2025 19:40,-13.741666666666667
27/08/2025 19:45,-13.97272727272727
27/08/2025 19:50,-14.55
27/08/2025 19:55,-14.877777777777778
27/08/2025 20:00,-15.133333333333333
27/08/2025 20:05,-15.475
27/08/2025 20:10,-15.844444444444443
27/08/2025 20:15,-15.870000000000001
27/08/2025 20:20,-14.722222222222221
27/08/2025 20:25,-13.475
27/08/2025 20:30,-13.685714285714285
27/08/2025 20:35,-14.45
27/08/2025 20:40,-12.844444444444443
27/08/2025 20:45,-9.976923076923075
27/08/2025 20:50,-7.758333333333333
27/08/2025 20:55,-5.3533333333333335
27/08/2025 21:00,-3.04
27/08/2025 21:05,-1.1090909090909091
27/08/2025 21:10,-0.04285714285714286
27/08/2025 21:15,0.825
27/08/2025 21:20,3.2
27/08/2025 21:25,3.75
27/08/2025 21:30,-0.8999999999999999
27/08/2025 21:35,-4.385714285714285
27/08/2025 21:40,-7.625
27/08/2025 21:45,-10.3
27/08/2025 21:50,-12.1875
27/08/2025 21:55,-13.575
27/08/2025 22:00,-14.7125
27/08/2025 22:05,-15.6
27/08/2025 22:10,-16.161538461538463
27/08/2025 22:15,-15.46
27/08/2025 22:20,-17.011764705882353
27/08/2025 22:25,-17.36875
27/08/2025 22:30,-17.370588235294118
27/08/2025 22:35,-16.11764705882353
27/08/2025 22:40,-15.135714285714286
27/08/2025 22:45,-15.615384615384615
27/08/2025 22:50,-16.466666666666665
27/08/2025 22:55,-16.4625
27/08/2025 23:00,-15.222222222222221
27/08/2025 23:05,-13.930000000000001
27/08/2025 23:10,-14.475
27/08/2025 23:15,-15.057142857142859
27/08/2025 23:20,-14.16
27/08/2025 23:25,-13.091666666666667
27/08/2025 23:30,-13.4375
27/08/2025 23:35,-14.175
27/08/2025 23:40,-14.847368421052632
27/08/2025 23:45,-14.385714285714286
27/08/2025 23:50,-13.15
27/08/2025 23:55,-13.025
28/08/2025 00:00,-14.207692307692309
28/08/2025 00:05,-13.781818181818181
28/08/2025 00:10,-12.755555555555555
28/08/2025 00:15,-12.345454545454546
28/08/2025 00:20,-13.39
28/08/2025 00:25,-14.1
28/08/2025 00:30,-13.36
28/08/2025 00:35,-12.457142857142857
28/08/2025 00:40,-11.5
28/08/2025 00:45,-9.13076923076923
28/08/2025 00:50,-6.909999999999999
28/08/2025 00:55,-4.877777777777777
28/08/2025 01:00,-2.5266666666666664
28/08/2025 01:05,-0.8923076923076922
28/08/2025 01:10,0.12222222222222223
28/08/2025 01:15,2.4555555555555557
28/08/2025 01:20,3.9200000000000004
28/08/2025 01:25,4.566666666666666
28/08/2025 01:30,3.8875
28/08/2025 01:35,-1.2
28/08/2025 01:40,-5.5
28/08/2025 01:45,-8.440000000000001
28/08/2025 01:50,-11.15
28/08/2025 01:55,-13.166666666666666
28/08/2025 02:00,-13.290000000000001
28/08/2025 02:05,-15.13076923076923
28/08/2025 02:10,-15.782352941176471
28/08/2025 02:15,-16.272222222222222
28/08/2025 02:20,-16.914285714285715
28/08/2025 02:25,-16.5
28/08/2025 02:30,-14.907692307692308
28/08/2025 02:35,-14.705555555555556
28/08/2025 02:40,-15.553333333333335
28/08/2025 02:45,-15.16
28/08/2025 02:50,-13.771428571428572
28/08/2025 02:55,-13.733333333333333
28/08/2025 03:00,-14.73
28/08/2025 03:05,-15.3125
28/08/2025 03:10,-14.475
28/08/2025 03:15,-13.290000000000001
28/08/2025 03:20,-13.9
28/08/2025 03:25,-14.62
28/08/2025 03:30,-13.73076923076923
28/08/2025 03:35,-12.625
28/08/2025 03:40,-12.716666666666667
28/08/2025 03:45,-13.685714285714285
28/08/2025 03:50,-14.485714285714284
28/08/2025 03:55,-14.492307692307692
28/08/2025 04:00,-13.37142857142857
28/08/2025 04:05,-12.476923076923075
28/08/2025 04:10,-13.177777777777777
28/08/2025 04:15,-13.822222222222223
28/08/2025 04:20,-13.0
28/08/2025 04:25,-12.26
28/08/2025 04:30,-12.959999999999999
28/08/2025 04:35,-13.622222222222222
28/08/2025 04:40,-12.744444444444445
28/08/2025 04:45,-9.835714285714285
28/08/2025 04:50,-7.2333333333333325
28/08/2025 04:55,-4.91875
28/08/2025 05:00,-2.6714285714285713
28/08/2025 05:05,-0.8777777777777778
28/08/2025 05:10,0.14444444444444443
28/08/2025 05:15,2.433333333333333
28/08/2025 05:20,3.625
28/08/2025 05:25,5.0
28/08/2025 05:30,4.45
28/08/2025 05:35,0.9
28/08/2025 05:40,-3.475
28/08/2025 05:45,-7.188888888888889
28/08/2025 05:50,-10.040000000000001
28/08/2025 05:55,-11.022222222222222
28/08/2025 06:00,-13.328571428571427
28/08/2025 06:05,-14.953846153846154
28/08/2025 06:10,-15.894444444444446
28/08/2025 06:15,-15.035294117647059
28/08/2025 06:20,-14.426666666666668
28/08/2025 06:25,-15.338461538461539
28/08/2025 06:30,-14.525
28/08/2025 06:35,-13.386666666666667
28/08/2025 06:40,-14.261538461538462
28/08/2025 06:45,-14.191666666666668
28/08/2025 06:50,-13.040000000000001
28/08/2025 06:55,-13.0375
28/08/2025 07:00,-14.15
28/08/2025 07:05,-14.1625
28/08/2025 07:10,-13.025
28/08/2025 07:15,-12.928571428571429
28/08/2025 07:20,-13.450000000000001
28/08/2025 07:25,-12.553846153846154
28/08/2025 07:30,-12.475
28/08/2025 07:35,-13.246666666666666
28/08/2025 07:40,-14.036363636363637
28/08/2025 07:45,-14.069230769230769
28/08/2025 07:50,-13.0375
28/08/2025 07:55,-12.37142857142857
28/08/2025 08:00,-13.65
28/08/2025 08:05,-13.533333333333333
28/08/2025 08:10,-12.475
28/08/2025 08:15,-12.0
28/08/2025 08:20,-13.419999999999998
28/08/2025 08:25,
28/08/2025 08:30,-12.299999999999999
28/08/2025 08:35,-13.566666666666665
28/08/2025 08:40,-13.1
28/08/2025 08:45,-11.040000000000001
28/08/2025 08:50,-9.2
28/08/2025 08:55,-5.033333333333334
28/08/2025 09:00,-2.95
28/08/2025 09:05,-0.8999999999999999
28/08/2025 09:10,
28/08/2025 09:15,4.8
28/08/2025 09:20,
28/08/2025 09:25,
28/08/2025 09:30,
28/08/2025 09:35,
28/08/2025 09:40,2.033333333333333
28/08/2025 09:45,-1.1
28/08/2025 09:50,
28/08/2025 09:55,
28/08/2025 10:00,
28/08/2025 10:05,
28/08/2025 10:10,-11.6
28/08/2025 10:15,-12.3
28/08/2025 10:20,
28/08/2025 10:25,
28/08/2025 10:30,
28/08/2025 10:35,
28/08/2025 10:40,-14.9
28/08/2025 10:45,
28/08/2025 10:50,-15.4
28/08/2025 10:55,-14.583333333333334
28/08/2025 11:00,-13.816666666666668
28/08/2025 11:05,-12.25
28/08/2025 11:10,
28/08/2025 11:15,
28/08/2025 11:20,
28/08/2025 11:25,-13.5
28/08/2025 11:30,
28/08/2025 11:35,-12.7
28/08/2025 11:40,
28/08/2025 11:45,-14.2
28/08/2025 11:50,
28/08/2025 11:55,
28/08/2025 12:00,
28/08/2025 12:05,
28/08/2025 12:10,-14.4
28/08/2025 12:15,
28/08/2025 12:20,
28/08/2025 12:25,
28/08/2025 12:30,
28/08/2025 12:35,
28/08/2025 12:40,
28/08/2025 12:45,
28/08/2025 12:50,-12.3
28/08/2025 12:55,
28/08/2025 13:00,
28/08/2025 13:05,
28/08/2025 13:10,
28/08/2025 13:15,
28/08/2025 13:20,
28/08/2025 13:25,
28/08/2025 13:30,
28/08/2025 13:35,
28/08/2025 13:40,
28/08/2025 13:45,
28/08/2025 13:50,
28/08/2025 13:55,-8.1
28/08/2025 14:00,
28/08/2025 14:05,-11.2
28/08/2025 14:10,
28/08/2025 14:15,
28/08/2025 14:20,-13.7
28/08/2025 14:25,
28/08/2025 14:30,
28/08/2025 14:35,
28/08/2025 14:40,
28/08/2025 14:45,
28/08/2025 14:50,
28/08/2025 14:55,
28/08/2025 15:00,
28/08/2025 15:05,
28/08/2025 15:10,-17.1
28/08/2025 15:15,
28/08/2025 15:20,-18.0
28/08/2025 15:25,
28/08/2025 15:30,
28/08/2025 15:35,
28/08/2025 15:40,
28/08/2025 15:45,
28/08/2025 15:50,
28/08/2025 15:55,-17.3
28/08/2025 16:00,-16.4
28/08/2025 16:05,-16.2
28/08/2025 16:10,-15.866666666666667
28/08/2025 16:15,
28/08/2025 16:20,-15.95
28/08/2025 16:25,
28/08/2025 16:30,-16.3
28/08/2025 16:35,-16.6
28/08/2025 16:40,-16.85
28/08/2025 16:45,-17.233333333333334
28/08/2025 16:50,-14.5
28/08/2025 16:55,-9.3
28/08/2025 17:00,
28/08/2025 17:05,
28/08/2025 17:10,-3.3
28/08/2025 17:15,
28/08/2025 17:20,
28/08/2025 17:25,
28/08/2025 17:30,
28/08/2025 17:35,
28/08/2025 17:40,
28/08/2025 17:45,
28/08/2025 17:50,
28/08/2025 17:55,
28/08/2025 18:00,
28/08/2025 18:05,
28/08/2025 18:10,
28/08/2025 18:15,
28/08/2025 18:20,
28/08/2025 18:25,-14.366666666666667
28/08/2025 18:30,
28/08/2025 18:35,
28/08/2025 18:40,
28/08/2025 18:45,
28/08/2025 18:50,
28/08/2025 18:55,
28/08/2025 19:00,
28/08/2025 19:05,
28/08/2025 19:10,-17.55
28/08/2025 19:15,-17.9
28/08/2025 19:20,-17.8
28/08/2025 19:25,
28/08/2025 19:30,
28/08/2025 19:35,
28/08/2025 19:40,
28/08/2025 19:45,
28/08/2025 19:50,
28/08/2025 19:55,-15.5
28/08/2025 20:00,
28/08/2025 20:05,
28/08/2025 20:10,-15.0
28/08/2025 20:15,-15.3
28/08/2025 20:20,
28/08/2025 20:25,
28/08/2025 20:30,
28/08/2025 20:35,
28/08/2025 20:40,
28/08/2025 20:45,
28/08/2025 20:50,
28/08/2025 20:55,
28/08/2025 21:00,
28/08/2025 21:05,
28/08/2025 21:10,
28/08/2025 21:15,
28/08/2025 21:20,
28/08/2025 21:25,
28/08/2025 21:30,
28/08/2025 21:35,
28/08/2025 21:40,
28/08/2025 21:45,
28/08/2025 21:50,
28/08/2025 21:55,
28/08/2025 22:00,
28/08/2025 22:05,
28/08/2025 22:10,
28/08/2025 22:15,
28/08/2025 22:20,
28/08/2025 22:25,
28/08/2025 22:30,
28/08/2025 22:35,-15.9
28/08/2025 22:40,
28/08/2025 22:45,-15.6
28/08/2025 22:50,-15.0
28/08/2025 22:55,-15.4
28/08/2025 23:00,-14.5
28/08/2025 23:05,
28/08/2025 23:10,
28/08/2025 23:15,
28/08/2025 23:20,
28/08/2025 23:25,
28/08/2025 23:30,
28/08/2025 23:35,
28/08/2025 23:40,
28/08/2025 23:45,
28/08/2025 23:50,
28/08/2025 23:55,-15.3
29/08/2025 00:00,
29/08/2025 00:05,
29/08/2025 00:10,
29/08/2025 00:15,
29/08/2025 00:20,
29/08/2025 00:25,
29/08/2025 00:30,
29/08/2025 00:35,
29/08/2025 00:40,
29/08/2025 00:45,
29/08/2025 00:50,
29/08/2025 00:55,
29/08/2025 01:00,
29/08/2025 01:05,
29/08/2025 01:10,
29/08/2025 01:15,
29/08/2025 01:20,
29/08/2025 01:25,
29/08/2025 01:30,
29/08/2025 01:35,
29/08/2025 01:40,
29/08/2025 01:45,0.7
29/08/2025 01:50,
29/08/2025 01:55,-6.9
29/08/2025 02:00,-10.0
29/08/2025 02:05,-11.8
29/08/2025 02:10,-14.299999999999999
29/08/2025 02:15,-14.4
29/08/2025 02:20,-14.4
29/08/2025 02:25,
29/08/2025 02:30,-14.1
29/08/2025 02:35,-14.8
29/08/2025 02:40,
29/08/2025 02:45,-14.9
29/08/2025 02:50,-14.4
29/08/2025 02:55,-14.7
29/08/2025 03:00,-14.2
29/08/2025 03:05,
29/08/2025 03:10,
29/08/2025 03:15,-13.8
29/08/2025 03:20,
29/08/2025 03:25,
29/08/2025 03:30,-14.4
29/08/2025 03:35,-14.4
29/08/2025 03:40,
29/08/2025 03:45,-14.7
29/08/2025 03:50,-14.0
29/08/2025 03:55,
29/08/2025 04:00,
29/08/2025 04:05,
29/08/2025 04:10,-14.6
29/08/2025 04:15,-15.15
29/08/2025 04:20,-15.2
29/08/2025 04:25,-14.5
29/08/2025 04:30,
29/08/2025 04:35,
29/08/2025 04:40,-15.1
29/08/2025 04:45,-13.649999999999999
29/08/2025 04:50,
29/08/2025 04:55,
29/08/2025 05:00,-11.9
29/08/2025 05:05,
29/08/2025 05:10,
29/08/2025 05:15,
29/08/2025 05:20,
29/08/2025 05:25,
29/08/2025 05:30,
29/08/2025 05:35,
29/08/2025 05:40,
29/08/2025 05:45,
29/08/2025 05:50,
29/08/2025 05:55,
29/08/2025 06:00,
29/08/2025 06:05,
29/08/2025 06:10,
29/08/2025 06:15,-14.0
29/08/2025 06:20,
29/08/2025 06:25,-14.5
29/08/2025 06:30,
29/08/2025 06:35,
29/08/2025 06:40,-14.2
29/08/2025 06:45,-14.0
29/08/2025 06:50,
29/08/2025 06:55,
29/08/2025 07:00,-14.2
29/08/2025 07:05,
29/08/2025 07:10,
29/08/2025 07:15,
29/08/2025 07:20,
29/08/2025 07:25,
29/08/2025 07:30,
29/08/2025 07:35,
29/08/2025 07:40,-15.05
29/08/2025 07:45,
29/08/2025 07:50,-15.1
29/08/2025 07:55,
29/08/2025 08:00,
29/08/2025 08:05,-15.1
29/08/2025 08:10,
29/08/2025 08:15,
29/08/2025 08:20,-16.066666666666666
29/08/2025 08:25,
29/08/2025 08:30,-14.4
29/08/2025 08:35,
29/08/2025 08:40,-15.5
29/08/2025 08:45,
29/08/2025 08:50,
29/08/2025 08:55,-14.1
29/08/2025 09:00,
29/08/2025 09:05,-10.1
29/08/2025 09:10,
29/08/2025 09:15,
29/08/2025 09:20,
29/08/2025 09:25,
29/08/2025 09:30,
29/08/2025 09:35,
29/08/2025 09:40,
29/08/2025 09:45,
29/08/2025 09:50,
29/08/2025 09:55,
29/08/2025 10:00,
29/08/2025 10:05,
29/08/2025 10:10,
29/08/2025 10:15,-12.8
29/08/2025 10:20,-13.7
29/08/2025 10:25,-13.5
29/08/2025 10:30,-13.366666666666667
29/08/2025 10:35,
29/08/2025 10:40,
29/08/2025 10:45,
29/08/2025 10:50,
29/08/2025 10:55,
29/08/2025 11:00,-14.866666666666667
29/08/2025 11:05,-15.442857142857141
29/08/2025 11:10,
29/08/2025 11:15,-16.3
29/08/2025 11:20,
29/08/2025 11:25,-16.9
29/08/2025 11:30,
29/08/2025 11:35,
29/08/2025 11:40,
29/08/2025 11:45,-15.1
29/08/2025 11:50,
29/08/2025 11:55,-15.0
29/08/2025 12:00,
29/08/2025 12:05,
29/08/2025 12:10,-15.7
29/08/2025 12:15,-16.4
29/08/2025 12:20,
29/08/2025 12:25,-16.85
29/08/2025 12:30,-17.1
29/08/2025 12:35,-17.166666666666668
29/08/2025 12:40,
29/08/2025 12:45,-15.725
29/08/2025 12:50,
29/08/2025 12:55,-15.8
29/08/2025 13:00,-15.0
29/08/2025 13:05,
29/08/2025 13:10,
29/08/2025 13:15,
29/08/2025 13:20,
29/08/2025 13:25,
29/08/2025 13:30,
29/08/2025 13:35,
29/08/2025 13:40,
29/08/2025 13:45,
29/08/2025 13:50,
29/08/2025 13:55,
29/08/2025 14:00,-0.6
29/08/2025 14:05,-6.4
29/08/2025 14:10,
29/08/2025 14:15,-10.8
29/08/2025 14:20,-11.9
29/08/2025 14:25,
29/08/2025 14:30,
29/08/2025 14:35,-14.6
29/08/2025 14:40,-14.9
29/08/2025 14:45,-14.9
29/08/2025 14:50,
29/08/2025 14:55,-16.2
29/08/2025 15:00,-16.7
29/08/2025 15:05,-17.042857142857144
29/08/2025 15:10,-17.38
29/08/2025 15:15,-17.8
29/08/2025 15:20,-17.95
29/08/2025 15:25,-18.05
29/08/2025 15:30,-16.419999999999998
29/08/2025 15:35,
29/08/2025 15:40,-17.0
29/08/2025 15:45,-17.025
29/08/2025 15:50,-15.6
29/08/2025 15:55,-15.166666666666666
29/08/2025 16:00,-15.149999999999999
29/08/2025 16:05,
29/08/2025 16:10,-14.925
29/08/2025 16:15,-14.940000000000001
29/08/2025 16:20,-14.280000000000001
29/08/2025 16:25,-14.15
29/08/2025 16:30,-14.3
29/08/2025 16:35,-12.8125
29/08/2025 16:40,-13.8
29/08/2025 16:45,-13.033333333333333
29/08/2025 16:50,
29/08/2025 16:55,-14.1
29/08/2025 17:00,
29/08/2025 17:05,-14.5
29/08/2025 17:10,-6.35
29/08/2025 17:15,
29/08/2025 17:20,-0.5
29/08/2025 17:25,
29/08/2025 17:30,
29/08/2025 17:35,
29/08/2025 17:40,
29/08/2025 17:45,
29/08/2025 17:50,
29/08/2025 17:55,
29/08/2025 18:00,
29/08/2025 18:05,-7.0
29/08/2025 18:10,
29/08/2025 18:15,
29/08/2025 18:20,
29/08/2025 18:25,
29/08/2025 18:30,
29/08/2025 18:35,
29/08/2025 18:40,
29/08/2025 18:45,
29/08/2025 18:50,
29/08/2025 18:55,
29/08/2025 19:00,-17.4
29/08/2025 19:05,
29/08/2025 19:10,-16.5
29/08/2025 19:15,
29/08/2025 19:20,
29/08/2025 19:25,-15.6
29/08/2025 19:30,
29/08/2025 19:35,
29/08/2025 19:40,
29/08/2025 19:45,
29/08/2025 19:50,-16.15
29/08/2025 19:55,-16.0
29/08/2025 20:00,-14.4
29/08/2025 20:05,
29/08/2025 20:10,
29/08/2025 20:15,
29/08/2025 20:20,
29/08/2025 20:25,
29/08/2025 20:30,
29/08/2025 20:35,
29/08/2025 20:40,
29/08/2025 20:45,
29/08/2025 20:50,
29/08/2025 20:55,
29/08/2025 21:00,
29/08/2025 21:05,
29/08/2025 21:10,
29/08/2025 21:15,
29/08/2025 21:20,
29/08/2025 21:25,
29/08/2025 21:30,
29/08/2025 21:35,
29/08/2025 21:40,
29/08/2025 21:45,
29/08/2025 21:50,
29/08/2025 21:55,
29/08/2025 22:00,
29/08/2025 22:05,
29/08/2025 22:10,
29/08/2025 22:15,
29/08/2025 22:20,
29/08/2025 22:25,
29/08/2025 22:30,
29/08/2025 22:35,
29/08/2025 22:40,
29/08/2025 22:45,
29/08/2025 22:50,
29/08/2025 22:55,
29/08/2025 23:00,
29/08/2025 23:05,
29/08/2025 23:10,
29/08/2025 23:15,
29/08/2025 23:20,
29/08/2025 23:25,
29/08/2025 23:30,
29/08/2025 23:35,
29/08/2025 23:40,
29/08/2025 23:45,
29/08/2025 23:50,
29/08/2025 23:55,
30/08/2025 00:00,
30/08/2025 00:05,
30/08/2025 00:10,
30/08/2025 00:15,
30/08/2025 00:20,
30/08/2025 00:25,
30/08/2025 00:30,
30/08/2025 00:35,
30/08/2025 00:40,
30/08/2025 00:45,
30/08/2025 00:50,
30/08/2025 00:55,
30/08/2025 01:00,
30/08/2025 01:05,
30/08/2025 01:10,
30/08/2025 01:15,
30/08/2025 01:20,
30/08/2025 01:25,
30/08/2025 01:30,
30/08/2025 01:35,
30/08/2025 01:40,
30/08/2025 01:45,
30/08/2025 01:50,
30/08/2025 01:55,
30/08/2025 02:00,
30/08/2025 02:05,
30/08/2025 02:10,
30/08/2025 02:15,
30/08/2025 02:20,
30/08/2025 02:25,
30/08/2025 02:30,
30/08/2025 02:35,
30/08/2025 02:40,
30/08/2025 02:45,
30/08/2025 02:50,
30/08/2025 02:55,
30/08/2025 03:00,
30/08/2025 03:05,
30/08/2025 03:10,
30/08/2025 03:15,
30/08/2025 03:20,
30/08/2025 03:25,
30/08/2025 03:30,
30/08/2025 03:35,
30/08/2025 03:40,
30/08/2025 03:45,
30/08/2025 03:50,
30/08/2025 03:55,
30/08/2025 04:00,
30/08/2025 04:05,
30/08/2025 04:10,
30/08/2025 04:15,
30/08/2025 04:20,
30/08/2025 04:25,
30/08/2025 04:30,
30/08/2025 04:35,
30/08/2025 04:40,
30/08/2025 04:45,
30/08/2025 04:50,
30/08/2025 04:55,
30/08/2025 05:00,
30/08/2025 05:05,
30/08/2025 05:10,
30/08/2025 05:15,
30/08/2025 05:20,
30/08/2025 05:25,
30/08/2025 05:30,
30/08/2025 05:35,
30/08/2025 05:40,
30/08/2025 05:45,
30/08/2025 05:50,
30/08/2025 05:55,
30/08/2025 06:00,
30/08/2025 06:05,
30/08/2025 06:10,
30/08/2025 06:15,
30/08/2025 06:20,
30/08/2025 06:25,
30/08/2025 06:30,
30/08/2025 06:35,
30/08/2025 06:40,
30/08/2025 06:45,
30/08/2025 06:50,
30/08/2025 06:55,
30/08/2025 07:00,
30/08/2025 07:05,
30/08/2025 07:10,
30/08/2025 07:15,
30/08/2025 07:20,
30/08/2025 07:25,
30/08/2025 07:30,
30/08/2025 07:35,
30/08/2025 07:40,
30/08/2025 07:45,
30/08/2025 07:50,
30/08/2025 07:55,
30/08/2025 08:00,-13.649999999999999
30/08/2025 08:05,
30/08/2025 08:10,
30/08/2025 08:15,
30/08/2025 08:20,
30/08/2025 08:25,
30/08/2025 08:30,-15.3
30/08/2025 08:35,
30/08/2025 08:40,
30/08/2025 08:45,-13.7
30/08/2025 08:50,
30/08/2025 08:55,-14.6
30/08/2025 09:00,-15.55
30/08/2025 09:05,-15.9
30/08/2025 09:10,
30/08/2025 09:15,
30/08/2025 09:20,-8.6
30/08/2025 09:25,-5.3
30/08/2025 09:30,
30/08/2025 09:35,-0.4
30/08/2025 09:40,
30/08/2025 09:45,
30/08/2025 09:50,
30/08/2025 09:55,5.0
30/08/2025 10:00,
30/08/2025 10:05,
30/08/2025 10:10,
30/08/2025 10:15,-4.866666666666667
30/08/2025 10:20,-5.1
30/08/2025 10:25,-9.2
30/08/2025 10:30,-12.2
30/08/2025 10:35,-13.7
30/08/2025 10:40,-14.3
30/08/2025 10:45,
30/08/2025 10:50,
30/08/2025 10:55,-14.5
30/08/2025 11:00,
30/08/2025 11:05,
30/08/2025 11:10,
30/08/2025 11:15,
30/08/2025 11:20,
30/08/2025 11:25,-13.1
30/08/2025 11:30,
30/08/2025 11:35,
30/08/2025 11:40,
30/08/2025 11:45,
30/08/2025 11:50,-14.35
30/08/2025 11:55,-14.1
30/08/2025 12:00,-13.3
30/08/2025 12:05,
30/08/2025 12:10,-14.2
30/08/2025 12:15,
30/08/2025 12:20,
30/08/2025 12:25,
30/08/2025 12:30,
30/08/2025 12:35,
30/08/2025 12:40,
30/08/2025 12:45,
30/08/2025 12:50,
30/08/2025 12:55,-10.8
30/08/2025 13:00,
30/08/2025 13:05,-14.0
30/08/2025 13:10,-14.7
30/08/2025 13:15,-15.2
30/08/2025 13:20,
30/08/2025 13:25,
30/08/2025 13:30,
30/08/2025 13:35,
30/08/2025 13:40,
30/08/2025 13:45,
30/08/2025 13:50,
30/08/2025 13:55,
30/08/2025 14:00,
30/08/2025 14:05,
30/08/2025 14:10,
30/08/2025 14:15,
30/08/2025 14:20,-5.4
30/08/2025 14:25,
30/08/2025 14:30,-9.4
30/08/2025 14:35,
30/08/2025 14:40,
30/08/2025 14:45,-13.2
30/08/2025 14:50,-13.9
30/08/2025 14:55,-14.0
30/08/2025 15:00,
30/08/2025 15:05,
30/08/2025 15:10,
30/08/2025 15:15,-15.9
30/08/2025 15:20,
30/08/2025 15:25,-16.5
30/08/2025 15:30,
30/08/2025 15:35,
30/08/2025 15:40,
30/08/2025 15:45,-16.266666666666666
30/08/2025 15:50,
30/08/2025 15:55,
30/08/2025 16:00,-17.35
30/08/2025 16:05,-16.2
30/08/2025 16:10,
30/08/2025 16:15,
30/08/2025 16:20,
30/08/2025 16:25,
30/08/2025 16:30,
30/08/2025 16:35,
30/08/2025 16:40,
30/08/2025 16:45,-15.733333333333334
30/08/2025 16:50,
30/08/2025 16:55,
30/08/2025 17:00,-16.8
30/08/2025 17:05,
30/08/2025 17:10,-16.933333333333334
30/08/2025 17:15,
30/08/2025 17:20,
30/08/2025 17:25,
30/08/2025 17:30,
30/08/2025 17:35,
30/08/2025 17:40,
30/08/2025 17:45,
30/08/2025 17:50,
30/08/2025 17:55,
30/08/2025 18:00,
30/08/2025 18:05,
30/08/2025 18:10,3.5
30/08/2025 18:15,
30/08/2025 18:20,-5.175
30/08/2025 18:25,-8.85
30/08/2025 18:30,
30/08/2025 18:35,-13.225
30/08/2025 18:40,
30/08/2025 18:45,-15.3
30/08/2025 18:50,
30/08/2025 18:55,
30/08/2025 19:00,
30/08/2025 19:05,-17.233333333333334
30/08/2025 19:10,-17.825
30/08/2025 19:15,
30/08/2025 19:20,-18.4
30/08/2025 19:25,
30/08/2025 19:30,-18.130000000000003
30/08/2025 19:35,-17.5
30/08/2025 19:40,
30/08/2025 19:45,
30/08/2025 19:50,
30/08/2025 19:55,
30/08/2025 20:00,
30/08/2025 20:05,
30/08/2025 20:10,
30/08/2025 20:15,
30/08/2025 20:20,
30/08/2025 20:25,
30/08/2025 20:30,
30/08/2025 20:35,
30/08/2025 20:40,
30/08/2025 20:45,
30/08/2025 20:50,
30/08/2025 20:55,
30/08/2025 21:00,
30/08/2025 21:05,
30/08/2025 21:10,
30/08/2025 21:15,
30/08/2025 21:20,
30/08/2025 21:25,
30/08/2025 21:30,
30/08/2025 21:35,
30/08/2025 21:40,
30/08/2025 21:45,
30/08/2025 21:50,
30/08/2025 21:55,
30/08/2025 22:00,
30/08/2025 22:05,
30/08/2025 22:10,
30/08/2025 22:15,
30/08/2025 22:20,
30/08/2025 22:25,
30/08/2025 22:30,
30/08/2025 22:35,
30/08/2025 22:40,
30/08/2025 22:45,
30/08/2025 22:50,
30/08/2025 22:55,
30/08/2025 23:00,
30/08/2025 23:05,
30/08/2025 23:10,
30/08/2025 23:15,
30/08/2025 23:20,
30/08/2025 23:25,
30/08/2025 23:30,
30/08/2025 23:35,
30/08/2025 23:40,
30/08/2025 23:45,
30/08/2025 23:50,
30/08/2025 23:55,
31/08/2025 00:00,
31/08/2025 00:05,
31/08/2025 00:10,
31/08/2025 00:15,
31/08/2025 00:20,
31/08/2025 00:25,
31/08/2025 00:30,
31/08/2025 00:35,
31/08/2025 00:40,
31/08/2025 00:45,
31/08/2025 00:50,
31/08/2025 00:55,
31/08/2025 01:00,
31/08/2025 01:05,
31/08/2025 01:10,
31/08/2025 01:15,
31/08/2025 01:20,
31/08/2025 01:25,
31/08/2025 01:30,
31/08/2025 01:35,
31/08/2025 01:40,
31/08/2025 01:45,
31/08/2025 01:50,
31/08/2025 01:55,
31/08/2025 02:00,
31/08/2025 02:05,
31/08/2025 02:10,
31/08/2025 02:15,
31/08/2025 02:20,
31/08/2025 02:25,
31/08/2025 02:30,
31/08/2025 02:35,
31/08/2025 02:40,
31/08/2025 02:45,
31/08/2025 02:50,
31/08/2025 02:55,
31/08/2025 03:00,
31/08/2025 03:05,
31/08/2025 03:10,
31/08/2025 03:15,
31/08/2025 03:20,
31/08/2025 03:25,
31/08/2025 03:30,
31/08/2025 03:35,
31/08/2025 03:40,
31/08/2025 03:45,
31/08/2025 03:50,
31/08/2025 03:55,
31/08/2025 04:00,
31/08/2025 04:05,
31/08/2025 04:10,
31/08/2025 04:15,
31/08/2025 04:20,
31/08/2025 04:25,
31/08/2025 04:30,
31/08/2025 04:35,
31/08/2025 04:40,
31/08/2025 04:45,
31/08/2025 04:50,
31/08/2025 04:55,
31/08/2025 05:00,
31/08/2025 05:05,
31/08/2025 05:10,
31/08/2025 05:15,
31/08/2025 05:20,
31/08/2025 05:25,
31/08/2025 05:30,
31/08/2025 05:35,
31/08/2025 05:40,
31/08/2025 05:45,
31/08/2025 05:50,
31/08/2025 05:55,
31/08/2025 06:00,
31/08/2025 06:05,
31/08/2025 06:10,
31/08/2025 06:15,
31/08/2025 06:20,
31/08/2025 06:25,
31/08/2025 06:30,
31/08/2025 06:35,
31/08/2025 06:40,
31/08/2025 06:45,
31/08/2025 06:50,
31/08/2025 06:55,
31/08/2025 07:00,
31/08/2025 07:05,
31/08/2025 07:10,
31/08/2025 07:15,
31/08/2025 07:20,
31/08/2025 07:25,
31/08/2025 07:30,
31/08/2025 07:35,
31/08/2025 07:40,
31/08/2025 07:45,
31/08/2025 07:50,
31/08/2025 07:55,
31/08/2025 08:00,
31/08/2025 08:05,
31/08/2025 08:10,
31/08/2025 08:15,
31/08/2025 08:20,
31/08/2025 08:25,
31/08/2025 08:30,
31/08/2025 08:35,
31/08/2025 08:40,
31/08/2025 08:45,
31/08/2025 08:50,
31/08/2025 08:55,
31/08/2025 09:00,
31/08/2025 09:05,
31/08/2025 09:10,
31/08/2025 09:15,
31/08/2025 09:20,
31/08/2025 09:25,
31/08/2025 09:30,
31/08/2025 09:35,
31/08/2025 09:40,
31/08/2025 09:45,
31/08/2025 09:50,
31/08/2025 09:55,
31/08/2025 10:00,
31/08/2025 10:05,
31/08/2025 10:10,
31/08/2025 10:15,
31/08/2025 10:20,
31/08/2025 10:25,
31/08/2025 10:30,
31/08/2025 10:35,
31/08/2025 10:40,
31/08/2025 10:45,
31/08/2025 10:50,
31/08/2025 10:55,
31/08/2025 11:00,
31/08/2025 11:05,
31/08/2025 11:10,
31/08/2025 11:15,
31/08/2025 11:20,
31/08/2025 11:25,
31/08/2025 11:30,
31/08/2025 11:35,
31/08/2025 11:40,
31/08/2025 11:45,
31/08/2025 11:50,
31/08/2025 11:55,
31/08/2025 12:00,
31/08/2025 12:05,
31/08/2025 12:10,-15.7
31/08/2025 12:15,
31/08/2025 12:20,
31/08/2025 12:25,
31/08/2025 12:30,
31/08/2025 12:35,
31/08/2025 12:40,
31/08/2025 12:45,
31/08/2025 12:50,
31/08/2025 12:55,
31/08/2025 13:00,
31/08/2025 13:05,
31/08/2025 13:10,
31/08/2025 13:15,
31/08/2025 13:20,
31/08/2025 13:25,
31/08/2025 13:30,
31/08/2025 13:35,
31/08/2025 13:40,
31/08/2025 13:45,
31/08/2025 13:50,
31/08/2025 13:55,
31/08/2025 14:00,
31/08/2025 14:05,
31/08/2025 14:10,
31/08/2025 14:15,
31/08/2025 14:20,
31/08/2025 14:25,
31/08/2025 14:30,
31/08/2025 14:35,
31/08/2025 14:40,
31/08/2025 14:45,
31/08/2025 14:50,
31/08/2025 14:55,
31/08/2025 15:00,
31/08/2025 15:05,
31/08/2025 15:10,
31/08/2025 15:15,
31/08/2025 15:20,
31/08/2025 15:25,
31/08/2025 15:30,
31/08/2025 15:35,
31/08/2025 15:40,
31/08/2025 15:45,
31/08/2025 15:50,
31/08/2025 15:55,
31/08/2025 16:00,
31/08/2025 16:05,
31/08/2025 16:10,
31/08/2025 16:15,
31/08/2025 16:20,
31/08/2025 16:25,
31/08/2025 16:30,
31/08/2025 16:35,
31/08/2025 16:40,
31/08/2025 16:45,
31/08/2025 16:50,
31/08/2025 16:55,
31/08/2025 17:00,
31/08/2025 17:05,
31/08/2025 17:10,
31/08/2025 17:15,
31/08/2025 17:20,
31/08/2025 17:25,
31/08/2025 17:30,
31/08/2025 17:35,
31/08/2025 17:40,
31/08/2025 17:45,
31/08/2025 17:50,
31/08/2025 17:55,
31/08/2025 18:00,
31/08/2025 18:05,
31/08/2025 18:10,
31/08/2025 18:15,
31/08/2025 18:20,
31/08/2025 18:25,
31/08/2025 18:30,
31/08/2025 18:35,
31/08/2025 18:40,
31/08/2025 18:45,
31/08/2025 18:50,
31/08/2025 18:55,
31/08/2025 19:00,
31/08/2025 19:05,
31/08/2025 19:10,
31/08/2025 19:15,
31/08/2025 19:20,
31/08/2025 19:25,
31/08/2025 19:30,
31/08/2025 19:35,
31/08/2025 19:40,
31/08/2025 19:45,
31/08/2025 19:50,
31/08/2025 19:55,
31/08/2025 20:00,
31/08/2025 20:05,
31/08/2025 20:10,
31/08/2025 20:15,
31/08/2025 20:20,
31/08/2025 20:25,
31/08/2025 20:30,
31/08/2025 20:35,
31/08/2025 20:40,
31/08/2025 20:45,
31/08/2025 20:50,
31/08/2025 20:55,
31/08/2025 21:00,
31/08/2025 21:05,
31/08/2025 21:10,
31/08/2025 21:15,
31/08/2025 21:20,
31/08/2025 21:25,
31/08/2025 21:30,
31/08/2025 21:35,
31/08/2025 21:40,
31/08/2025 21:45,
31/08/2025 21:50,
31/08/2025 21:55,
31/08/2025 22:00,
31/08/2025 22:05,
31/08/2025 22:10,
31/08/2025 22:15,
31/08/2025 22:20,
31/08/2025 22:25,
31/08/2025 22:30,
31/08/2025 22:35,
31/08/2025 22:40,
31/08/2025 22:45,
31/08/2025 22:50,
31/08/2025 22:55,
31/08/2025 23:00,
31/08/2025 23:05,
31/08/2025 23:10,
31/08/2025 23:15,
31/08/2025 23:20,
31/08/2025 23:25,
31/08/2025 23:30,
31/08/2025 23:35,
31/08/2025 23:40,
31/08/2025 23:45,
31/08/2025 23:50,
31/08/2025 23:55,
